Comuna;robo_con_vio;robo_con_sor;robo_con_fuer;robo_vehi;robo_acce_vehi;robo_lugar_h;robo_lugar_nh;robos_con_fuer_otros;hurtos;lesiones;lesiones_lev;lesiones_gra;violacion;homicidio
Algarrobo;235,484088;47,0968176;2960,371392;94,1936352;571,889928;1971,338222;302,765256;20,1843504;470,968176;403,687008;322,9496064;80,7374016;26,9124672;6,7281168
Alhué;138,6193513;13,86193513;679,2348212;41,58580538;13,86193513;235,6528971;388,1341835;0;152,4812864;291,1006376;263,3767674;27,72387025;13,86193513;0
Alto Biobío;14,79289941;14,79289941;221,8934911;0;29,58579882;29,58579882;118,3431953;44,37869822;251,4792899;340,2366864;251,4792899;88,75739645;0;0
Alto del Carmen;0;0;317,0688744;0;0;158,5344372;158,5344372;0;299,4539369;105,6896248;105,6896248;0;0;0
Alto Hospicio;418,0426903;139,3475634;1131,69553;258,5581957;194,9254934;434,9577124;203,7857431;39,46838502;338,300443;366,4921466;287,5553766;78,93677004;21,74788562;4,832863472
Ancud;37,75454824;16,51761486;344,5102527;4,71931853;47,1931853;132,1409189;153,3778522;7,078977796;549,8006088;254,8432006;210,0096746;44,83352604;21,23693339;0
Andacollo;85,2514919;0;673,486786;8,52514919;42,62574595;358,056266;264,2796249;0;230,1790281;545,6095482;451,8329071;93,77664109;0;0
Angol;112,9821919;53,80104374;776,528398;30,48725812;62,76788436;328,1863668;312,0460537;43,04083499;749,6278761;294,1123724;199,0638618;95,04851061;30,48725812;3,586736249
Antártica;0;0;0;0;0;0;0;0;0;0;0;0;0;0
Antofagasta;252,0590914;98,63181838;817,3046481;211,1451519;226,97495;166,5781822;190,2011115;22,40525257;471,24091;322,4408087;265,4535359;56,98727284;19,48282832;1,461212124
Antuco;0;0;349,5688651;69,91377301;69,91377301;69,91377301;139,827546;0;209,741319;209,741319;163,132137;46,60918201;0;0
Arauco;116,7466597;28,53807238;708,2630691;31,1324426;101,1804384;243,8708004;316,5131664;15,5662213;591,5164094;238,6820599;173,8228045;64,85925542;18,16059152;0
Arica;272,9784339;130,303905;858,5212981;195,0435034;201,2288153;232,5677292;182,6728795;47,00837079;503,4843924;370,2940085;257,3089769;112,9850315;25,15360191;1,649416519
Aysén;32,15434084;8,038585209;329,5819936;12,05787781;24,11575563;64,30868167;213,022508;16,07717042;679,2604502;373,7942122;301,4469453;72,34726688;28,13504823;0
Buin;284,1493279;100,9477876;999,1961565;106,555998;253,3041706;372,9459929;246,7612585;19,62873647;355,1866599;311,2556783;242,0877498;69,16792851;17,759333;2,80410521
Bulnes;66,60746004;17,76198934;430,7282416;0;102,1314387;142,0959147;186,5008881;0;270,8703375;315,2753108;239,7868561;75,48845471;22,20248668;0
Cabildo;72,97849567;53,51756349;442,7362071;24,32616522;58,38279654;194,6093218;165,4179235;0;204,3397879;252,9921183;209,2050209;43,7870974;24,32616522;0
Cabo de Hornos;0;0;0;0;0;0;0;0;253,0364372;303,6437247;253,0364372;50,60728745;0;0
Cabrero;62,16463814;26,17458448;471,1425206;35,99005366;150,5038608;134,1447455;104,6983379;45,80552284;301,0077215;196,3093836;153,7756838;42,53369978;9,815469179;0
Calama;351,018279;201,5909931;1581,755743;295,0509683;440,6746506;448,2818579;354,8218827;42,92638397;506,9660284;455,8890652;348,3014193;107,5876459;13,58429872;1,086743898
Calbuco;65,85807585;35,67312442;277,1527359;2,744086494;16,46451896;109,7634597;145,4365842;2,744086494;436,3097525;296,3613413;211,29466;85,0666813;19,20860546;2,744086494
Caldera;276,7768552;73,11086741;2595,435793;93,99968667;255,8880359;1550,99483;657,9978067;36,5554337;819,8861559;725,8864693;480,442843;245,4436263;26,11102407;0
Calera de Tango;340,3432093;57,32096156;1185,827392;64,48608175;290,1873679;480,0630531;333,1780891;17,91280049;404,829291;311,6827285;275,8571275;35,82560097;14,33024039;0
Calle Larga;80,7102502;18,62544235;776,0600981;18,62544235;161,4205004;403,551251;186,2544235;6,208480785;235,9222698;192,4629043;142,795058;49,66784628;0;0
Camarones;81,43322476;0;732,8990228;0;162,8664495;244,2996743;244,2996743;81,43322476;895,7654723;488,5993485;488,5993485;0;0;0
Camiña;0;0;0;0;0;0;0;0;223,0483271;148,6988848;74,34944238;74,34944238;74,34944238;0
Canela;115,5947877;21,01723413;472,887768;10,50861707;52,54308533;105,0861707;178,6464901;126,1034048;178,6464901;126,1034048;73,56031946;52,54308533;0;0
Cañete;138,5041551;149,3672261;866,3299115;24,44190973;100,4834067;420,9440009;304,1659877;16,29460649;659,9315627;355,7655749;200,9668133;154,7987616;24,44190973;0
Carahue;51,0925955;15,72079862;373,3689671;11,79059896;19,65099827;176,8589844;157,2079862;7,860399308;455,9031599;298,6951737;227,9515799;70,74359377;15,72079862;0
Cartagena;245,6507732;92,62242268;1868,556701;165,1095361;157,0554124;1171,875;358,4085052;16,10824742;463,1121134;442,9768041;326,1920103;116,7847938;32,21649485;0
Casablanca;208,8991017;48,74312374;1263,839565;104,4495509;177,5642365;417,7982035;557,0642713;6,963303391;710,2569459;435,2064619;355,1284729;80,077989;17,40825848;0
Castro;93,19269708;48,71436438;453,2553904;25,41619011;40,24230101;150,3791248;226,6276952;10,59007921;830,2622104;385,4788834;292,2861863;93,19269708;31,77023764;2,118015843
Catemu;79,87752113;39,93876057;419,356986;13,31292019;19,96938028;199,6938028;186,3808826;0;246,2890235;286,2277841;232,9761033;53,25168076;33,28230047;0
Cauquenes;56,86729448;20,47222601;400,3457532;18,19753423;45,49383559;163,7778081;163,7778081;9,098767117;409,4445203;177,4259588;145,5802739;31,84568491;18,19753423;2,274691779
Cerrillos;1117,978549;266,9969097;1217,960371;222,6867842;438,5566261;210,1890565;285,1754227;61,35248137;522,6322487;369,2510453;271,5415379;97,70950736;21,58698418;2,272314125
Cerro Navia;649,920086;90,52205768;473,8263957;130,8326615;69,30595041;135,0758829;118,1029971;20,50890369;170,4360617;304,0975375;200,1386119;103,9589256;22,63051442;3,536017878
Chaitén;0;0;159,9680064;19,9960008;59,9880024;19,9960008;59,9880024;0;239,9520096;99,980004;79,9840032;19,9960008;19,9960008;0
Chanco;10,72156106;0;246,5959044;0;10,72156106;117,9371717;117,9371717;0;214,4312212;171,5449769;150,1018548;21,44312212;0;0
Chañaral;152,4041759;53,34146156;1242,094033;30,48083517;76,20208794;617,2369123;419,1114837;99,06271432;1104,930275;464,8327364;365,7700221;99,06271432;7,620208794;0
Chépica;50,58168943;0;208,6494689;6,322711179;37,93626707;82,19524532;82,19524532;0;214,9721801;139,0996459;126,4542236;12,64542236;12,64542236;0
Chiguayante;155,2606948;52,85470462;472,3889225;61,66382206;77,07977757;211,4188185;113,417387;8,809117437;196,002863;243,3518692;156,3618345;86,99003469;7,707977757;1,10113968
Chile Chico;19,62323391;0;451,3343799;0;39,24646782;117,7394035;294,3485086;0;451,3343799;255,1020408;235,4788069;19,62323391;0;0
Chillán;152,3979823;149,8580159;925,0557523;71,11905838;199,6413567;372,35907;245,8687447;36,06752247;649,2154044;261,6165362;200,6573433;60,9591929;18,28775787;1,015986548
Chillán Viejo;93,11826019;48,06103752;814,033823;51,06485236;162,2060016;384,4883001;210,2670391;6,00762969;270,343336;183,2327055;144,1831126;39,04959298;21,02670391;0
Chimbarongo;58,84555716;26,74798053;575,0815813;37,44717274;85,59353769;160,4878832;267,4798053;24,07318247;353,073343;163,1626812;123,0407104;40,12197079;10,69919221;0
Cholchol;49,0316254;8,171937566;335,0494402;40,85968783;0;163,4387513;106,2351884;24,5158127;245,158127;171,6106889;138,9229386;32,68775027;57,20356296;0
Chonchi;56,57175184;12,57150041;169,7152555;6,285750204;0;50,28600163;106,8577535;6,285750204;232,5727576;251,4300082;220,0012572;31,42875102;25,14300082;0
Cisnes;17,23840717;0;258,5761076;0;17,23840717;68,95362868;155,1456645;17,23840717;482,6754008;379,2449578;327,5297363;51,71522151;34,47681434;0
Cobquecura;0;0;340,844537;0;94,67903806;113,6148457;132,5506533;0;397,6519599;227,2296913;208,2938837;18,93580761;0;0
Cochamó;0;24,90039841;348,6055777;0;24,90039841;149,4023904;149,4023904;24,90039841;273,9043825;124,501992;124,501992;0;24,90039841;0
Cochrane;0;0;273,2240437;0;54,64480874;27,32240437;163,9344262;27,32240437;409,8360656;273,2240437;191,2568306;81,96721311;0;0
Codegua;71,87005893;7,187005893;991,8068133;35,93502947;86,24407072;431,2203536;395,2853241;43,12203536;495,9034066;452,7813713;316,2282593;136,553112;7,187005893;0
Coelemu;47,61904762;0;535,7142857;53,57142857;41,66666667;255,952381;184,5238095;0;261,9047619;154,7619048;113,0952381;41,66666667;5,952380952;0
Coihueco;24,86943546;21,31665897;333,9609905;0;21,31665897;159,8749423;152,7693893;0;191,8499307;191,8499307;149,2166128;42,63331794;21,31665897;0
Coinco;51,59293177;12,89823294;580,4204824;0;51,59293177;257,9646588;245,0664259;25,79646588;257,9646588;270,8628918;257,9646588;12,89823294;38,69469883;0
Colbún;35,90825441;8,977063602;426,4105211;13,4655954;40,39678621;201,9839311;161,5871448;8,977063602;345,6169487;215,4495265;210,9609947;4,488531801;8,977063602;0
Colchane;0;0;1028,277635;514,1388175;128,5347044;128,5347044;257,0694087;0;321,3367609;449,8714653;257,0694087;192,8020566;0;0
Colina;366,2220785;88,3785142;883,2075047;64,1177456;338,4954858;213,7258187;224,1232909;42,74516373;324,0545521;396,8368579;311,3465304;85,49032746;25,4160433;2,310549391
Collipulli;123,0958609;42,31420218;426,9887675;15,38698261;19,23372827;153,8698261;207,7242653;30,77396523;819,3568241;419,2952762;315,4331436;103,8621326;30,77396523;0
Coltauco;33,37942873;9,536979639;391,0161652;23,8424491;14,30546946;166,8971437;181,2026131;4,768489819;271,8039197;181,2026131;152,5916742;28,61093892;9,536979639;0
Combarbalá;36,14283649;7,228567298;318,0569611;0;7,228567298;137,3427787;166,2570479;7,228567298;260,2284227;238,5427208;187,9427497;50,59997109;0;7,228567298
Concepción;473,3263929;295,4601972;1304,071113;178,7091635;412,6327147;254,9977451;391,1370371;66,59445243;1049,916335;351,9390366;252,0473579;99,89167864;24,02458094;2,950387133
Conchalí;984,9666817;193,9312638;714,4836033;139,9804611;231,1135737;131,9607471;182,9952902;28,43353115;306,9363235;355,054607;290,8968956;64,15771132;20,41381724;3,645324507
Concón;203,8961902;93,08304337;1263,269874;172,8685091;370,1159106;421,0899581;277,0328672;22,16262937;702,5553512;257,0865007;203,8961902;53,1903105;15,51384056;2,216262937
Constitución;55,8347292;25,92326713;654,0639706;9,970487357;97,7107761;271,1972561;261,2267688;13,9586823;536,4122198;338,9965702;253,2503789;85,74619127;9,970487357;1,994097471
Contulmo;79,20164739;47,52098844;300,9662601;0;15,84032948;174,2436243;95,04197687;15,84032948;681,1341676;269,2856011;158,4032948;110,8823064;0;15,84032948
Copiapó;296,1162758;113,8455004;1206,290406;126,2328347;256,5947808;325,0200557;409,9617762;88,4809589;496,0832429;369,8504082;291,3972913;78,45311689;21,82530319;1,179746119
Coquimbo;282,9282677;122,336589;1260,425508;96,43470534;354,6565609;541,1501233;240,6882728;27,49584574;569,4429501;405,6633472;316,7999617;88,8633855;11,95471554;1,195471554
Coronel;275,7448719;96,19007158;913,80568;79,35680905;68,13463404;430,4505703;320,6335719;15,23009467;319,0304041;343,077922;244,4830986;98,59482337;16,0316786;4,007919649
Corral;18,36884644;18,36884644;367,3769287;0;18,36884644;146,9507715;165,3196179;36,73769287;293,901543;202,0573108;146,9507715;55,10653931;18,36884644;0
Coyhaique;70,69810266;24,66212883;491,5984348;49,32425767;59,1891092;161,1259084;203,8735984;18,08556115;741,508007;356,7787971;267,9951333;88,78366381;36,17112229;1,644141922
Cunco;16,63893511;5,546311703;615,640599;16,63893511;49,91680532;305,0471436;232,9450915;11,09262341;560,177482;199,6672213;166,3893511;33,27787022;16,63893511;0
Curacautín;27,56795501;0;468,6552352;11,027182;44,10872801;264,6523681;143,353366;5,513591002;413,5193251;209,5164581;170,9213211;38,59513701;11,027182;0
Curacaví;215,5655095;27,99552072;991,0414334;95,18477044;142,7771557;439,5296753;305,1511758;8,398656215;590,7054871;389,137738;327,5475924;61,59014558;19,5968645;2,799552072
Curaco de Vélez;0;0;49,49269983;0;0;24,74634991;24,74634991;0;197,9707993;197,9707993;173,2244494;24,74634991;24,74634991;0
Curanilahue;133,033761;79,82025661;1028,794418;38,4319754;88,68917401;567,6107137;331,1062496;2,9563058;402,0575888;339,975167;271,9801336;67,99503341;11,8252232;11,8252232
Curarrehue;0;0;180,2497747;0;12,87498391;64,37491953;102,9998713;0;283,2496459;115,8748552;102,9998713;12,87498391;25,74996781;0
Curepto;0;0;390,4189089;10,5518624;10,5518624;137,1742112;232,1409729;0;221,5891105;242,6928353;200,4853857;42,20744961;10,5518624;0
Curicó;246,8630406;123,4315203;1307,505753;50,86122948;304,547118;525,359285;356,6488652;70,08925526;902,4766938;320,0535904;248,1035584;71,95003194;14,88621351;0,620258896
Dalcahue;26,76659529;0;187,366167;0;26,76659529;73,60813704;80,29978587;6,691648822;307,8158458;240,8993576;160,5995717;80,29978587;26,76659529;0
Diego de Almagro;34,70294281;20,82176569;735,7023876;20,82176569;27,76235425;381,7323709;284,564131;20,82176569;222,098834;270,6829539;201,2770683;69,40588562;6,940588562;0
Doñihue;125,0837614;35,73821756;670,0915792;35,73821756;49,14004914;227,8311369;357,3821756;0;312,7094036;393,1203931;335,0457896;58,07460353;31,27094036;0
El Bosque;760,4074944;128,289608;776,7352627;237,3357747;248,4153318;177,2729128;97,38347513;16,32776829;203,513969;346,9650761;283,4034067;63,5616694;19,82657578;2,332538327
El Carmen;24,29543246;8,098477486;299,643667;8,098477486;24,29543246;137,6741173;113,3786848;16,19695497;429,2193068;259,1512796;186,2649822;72,88629738;8,098477486;0
El Monte;152,6872964;43,26140065;506,4128664;43,26140065;48,3509772;249,3892508;162,8664495;2,544788274;203,5830619;211,2174267;152,6872964;58,53013029;2,544788274;10,17915309
El Quisco;264,870156;92,12874993;3172,683826;86,37070306;431,8535153;2360,799217;276,3862498;17,27414061;760,0621869;564,2885933;472,1598434;92,12874993;23,03218748;0
El Tabo;327,682006;85,48226243;2956,261576;163,841003;299,1879185;2122,809517;356,1760935;14,24704374;498,6465308;619,7464026;520,0170965;99,72930617;28,49408748;0
Empedrado;23,78686965;0;285,4424358;0;0;71,36060894;190,2949572;23,78686965;451,9505233;237,8686965;190,2949572;47,5737393;0;0
Ercilla;224,3741143;47,23665564;507,7940482;23,61832782;23,61832782;177,1374587;271,61077;11,80916391;531,412376;413,3207369;247,9924421;165,3282948;59,04581956;35,42749173
Estación Central;1073,348138;660,3156212;1067,447674;254,2563805;395,3311233;130,8830313;254,7927864;32,18435197;1103,386867;362,6103655;270,8849624;91,72540311;19,84701705;4,827652795
Florida;42,32625074;8,465250148;871,9207653;76,18725133;76,18725133;372,4710065;296,2837552;50,79150089;499,4497587;364,0057564;296,2837552;67,72200119;16,9305003;0
Freire;59,07605057;31,50722697;551,376472;31,50722697;66,95285731;200,8585719;224,4889922;27,5688236;429,2859675;263,8730259;216,6121854;47,26084046;19,69201686;3,938403371
Freirina;39,53089999;0;448,0168665;26,35393332;0;171,3005666;224,0084333;26,35393332;197,6544999;131,7696666;92,23876664;39,53089999;0;0
Fresia;47,39336493;7,898894155;284,3601896;7,898894155;15,79778831;78,98894155;173,7756714;7,898894155;260,6635071;300,1579779;197,4723539;102,685624;39,49447077;0
Frutillar;44,92362983;9,983028851;494,1599281;19,9660577;64,88968753;189,6775482;219,6266347;0;299,4908655;184,6860337;139,7624039;44,92362983;4,991514425;0
Futaleufú;36,10108303;0;72,20216606;0;0;0;72,20216606;0;433,2129964;288,8086643;288,8086643;0;0;0
Futrono;39,33136676;13,11045559;439,2002622;0;19,66568338;255,653884;163,8806949;0;380,2032121;216,3225172;196,6568338;19,66568338;19,66568338;0
Galvarino;39,58828187;15,83531275;459,2240697;15,83531275;7,917656374;142,5178147;150,4354711;142,5178147;205,8590657;300,8709422;229,6120348;71,25890736;23,75296912;0
General Lagos;0;0;496,8944099;0;0;248,447205;248,447205;0;372,6708075;0;0;0;0;0
Gorbea;72,63602747;39,61965135;528,262018;26,4131009;13,20655045;191,4949815;290,5441099;6,603275225;462,2292657;231,1146329;171,6851558;59,42947702;13,20655045;0
Graneros;133,5187761;86,23087622;884,5618915;50,06954103;136,3004172;333,7969402;305,9805285;58,41446453;628,650904;428,3727399;333,7969402;94,57579972;11,12656467;0
Guaitecas;0;0;251,4142049;0;0;62,85355123;125,7071025;62,85355123;754,2426147;377,1213074;377,1213074;0;188,5606537;0
Hijuelas;84,5487212;0;486,1551469;10,56859015;147,9602621;110,9701966;216,6560981;0;243,0775735;147,9602621;89,83301628;58,12724583;15,85288523;0
Hualaihué;0;0;305,6814588;0;0;115,9481396;189,7333193;0;337,3036787;337,3036787;274,059239;63,24443976;21,08147992;0
Hualañé;29,42330326;0;294,2330326;19,6155355;19,6155355;49,03883876;205,9631228;0;255,0019616;117,693213;98,07767752;19,6155355;0;0
Hualpén;292,0717485;72,24389539;900,9845811;161,0006812;248,7254113;242,5330774;222,9240201;25,80139121;244,5971887;219,8278531;163,0647925;56,76306066;24,76933556;1,032055648
Hualqui;123,0911259;23,07958611;661,6148017;57,69896527;50,0057699;369,2733777;184,6366888;0;461,5917221;215,4094703;157,7105051;57,69896527;11,53979305;0
Huara;0;0;1098,146877;205,9025395;34,31708991;343,1708991;480,4392588;34,31708991;926,5614276;514,7563487;480,4392588;34,31708991;34,31708991;0
Huasco;81,06647451;18,01477211;810,6647451;27,02215817;36,02954423;504,4136192;243,1994235;0;297,2437399;315,258512;234,1920375;81,06647451;0;0
Huechuraba;654,0180607;166,9251117;1107,361124;155,9792028;602,9371522;114,9320441;207,9722704;25,54045426;452,4309039;281,8571559;220,7424975;61,1146584;25,54045426;2,736477242
Illapel;137,9944802;73,59705612;696,1054891;39,86507206;125,7283042;254,5231524;245,3235204;30,66544005;245,3235204;272,9224164;226,9242564;45,99816007;18,39926403;6,13308801
Independencia;759,497575;239,8007572;926,047297;289,9198865;292,2330771;118,7437833;189,6816279;35,46892228;439,5062109;330,7862535;255,9930913;74,79316221;19,2765882;2,313190584
Iquique;270,1903803;403,2071829;995,3167001;166,7328672;462,3257618;131,169347;194,9065649;40,18215912;729,7449588;432,3046085;355,1733375;77,13127096;18,93641982;1,385591694
Isla de Maipo;106,5097761;25,35947049;390,5358456;32,96731164;43,11109984;162,3006112;147,0849289;5,071894099;164,8365582;202,875764;144,5489818;58,32678214;2,535947049;0
Isla de Pascua;0;0;309,6742227;0;0;185,8045336;111,4827202;12,38696891;1040,505388;1176,762046;1015,731451;161,0305958;49,54787563;0
Juan Fernández;0;0;198,019802;0;99,00990099;99,00990099;0;0;891,0891089;198,019802;99,00990099;99,00990099;0;0
La Calera;123,8320387;86,30717851;510,338099;54,41104732;93,81215055;136,9657398;208,2629742;16,8861871;315,2088258;208,2629742;140,7182258;67,5447484;7,504972044;0
La Cisterna;1076,01984;272,2947667;1438,404697;363,397105;590,1407025;190,3026622;249,013058;45,55116915;521,3078247;356,3113675;303,674461;52,63690657;23,28170867;0
La Cruz;77,34896597;32,56798567;492,5907833;40,70998209;85,49096238;154,6979319;199,4789122;12,21299463;191,3369158;122,1299463;105,8459534;16,28399284;16,28399284;0
La Estrella;32,18538783;0;643,7077567;0;0;225,2977148;418,4100418;0;547,1515932;64,37077567;64,37077567;0;32,18538783;0
La Florida;634,859028;179,9481326;1095,566572;145,4202696;548,1613283;196,8340218;169,1109201;36,04003216;394,6761564;287,3121445;231,3618848;55,95025972;17,38994559;2,016225575
La Granja;1025,69128;297,2544792;746,4027308;155,9769383;254,7895536;172,309602;139,6442746;23,68236236;278,471916;396,8837278;311,1372434;85,74648439;27,76552828;3,266532739
La Higuera;136,1161525;22,68602541;1701,451906;45,37205082;249,5462795;476,4065336;431,0344828;499,092559;340,2903811;589,8366606;521,7785844;68,05807623;0;0
La Ligua;98,90139264;114,9394563;620,1384619;42,76816979;106,9204245;267,3010612;192,4567641;10,69204245;416,9896554;331,4533159;269,9740718;61,47924407;21,38408489;2,673010612
La Pintana;706,7624558;119,2065611;564,2443893;193,9093394;124,5046305;118,1469473;114,4382987;13,24517346;211,3929684;428,6138131;325,8312671;102,782546;28,60957467;8,476911014
La Reina;338,2710814;99,96667777;1471,226763;139,3474902;733,0889703;356,446841;173,6794806;68,66398069;603,8391243;220,128644;178,7283027;41,4003413;15,14646633;0
La Serena;246,9590859;110,9882459;1221,689806;107,7118401;269,4843756;443,5434329;349,7563173;51,19384036;693,3693738;330,9169841;276,4467379;54,47024614;15,56292747;0,409550723
La Unión;32,95644679;10,14044517;550,1191502;7,605333874;50,70222583;289,0026872;195,2035694;7,605333874;443,644476;205,3440146;149,5715662;55,77244841;10,14044517;0
Lago Ranco;9,726680284;9,726680284;389,0672114;0;0;136,173524;252,8936874;0;233,4403268;106,9934831;106,9934831;0;0;0
Lago Verde;0;0;108,8139282;0;0;0;108,8139282;0;217,6278564;0;0;0;108,8139282;0
Laguna Blanca;0;0;751,8796992;0;0;0;375,9398496;375,9398496;0;375,9398496;375,9398496;0;0;0
Laja;92,34773118;25,18574487;759,7699702;4,197624145;104,9406036;352,6004282;281,2408177;16,79049658;474,3315284;251,8574487;197,2883348;54,56911388;0;0
Lampa;510,9933513;54,30847212;840,9584622;87,22269765;143,9997367;348,8907906;242,7424133;18,10282404;272,3652162;368,6393259;298,6965967;69,94272925;23,03995787;1,645711276
Lanco;74,18397626;11,41291942;393,7457202;17,11937914;39,94521799;176,9002511;148,3679525;11,41291942;576,352431;256,7906871;194,0196302;62,77105684;11,41291942;0
Las Cabras;53,02427754;26,51213877;700,6779533;49,23682915;22,72469038;318,1456653;302,9958717;7,574896792;356,0201492;268,9088361;189,3724198;79,53641632;22,72469038;7,574896792
Las Condes;185,5809767;128,6694772;1171,943868;105,1625535;654,4822445;191,7670093;150,3205911;70,21146952;885,5305605;134,5462081;110,4206811;24,12552697;9,897652091;0
Lautaro;74,30156529;34,6740638;601,8426788;12,38359421;59,44125223;188,2306321;321,9734496;19,81375074;406,1818902;208,0443828;163,4634436;44,58093917;14,86031306;4,953437686
Lebu;48,07336735;59,16722136;680,4230456;14,79180534;29,58361068;391,9828415;229,2729828;14,79180534;521,4111382;299,5340581;221,8770801;77,65697803;29,58361068;0
Licantén;28,68205937;14,34102969;516,2770687;14,34102969;57,36411874;186,4333859;258,1385343;0;516,2770687;243,7975047;229,456475;14,34102969;28,68205937;0
Limache;115,6538501;56,81241757;712,1842346;103,4797606;62,89946231;280,004058;225,2206554;40,58029827;422,035102;330,7294309;265,8009536;64,92847722;10,14507457;2,029014913
Linares;130,8992076;101,9215204;1050,191353;64,94998851;216,8330386;430,6683853;283,7814883;53,95845199;722,4437183;337,7399402;288,7776412;48,96229903;24,98076481;3,99692237
Litueche;14,93875112;14,93875112;687,1825515;14,93875112;14,93875112;313,7137735;328,6525246;14,93875112;283,8362713;104,5712578;104,5712578;0;14,93875112;0
Llaillay;182,9826167;68,61848124;670,9362611;30,49710278;129,6126868;270,6617871;228,7282708;11,43641354;388,8380604;468,8929552;358,3409576;110,5519976;3,812137847;3,812137847
Llanquihue;75,57354926;0;345,4790823;21,59244265;32,38866397;124,1565452;167,3414305;0;367,071525;280,7017544;210,5263158;70,1754386;10,79622132;0
Lo Barnechea;105,6692385;28,5139215;660,8520631;26,836632;344,6829923;188,6950688;82,18718551;18,4501845;394,1630325;169,4062395;135,8604495;33,54579;15,0956055;0
Lo Espejo;1023,706377;346,3813282;752,5833872;155,3409299;263,4041855;115,7820596;170,7785379;47,27767432;225,7750162;416,8154145;326,1194678;90,69594666;28,94551489;6,753953475
Lo Prado;754,5266751;222,0907566;714,7637013;148,3837806;192,026069;200,7545267;146,4441233;27,15520168;317,1339624;382,1124807;271,5520168;110,560464;16,48708673;3,879314525
Lolol;27,67400028;0;511,9690051;13,83700014;13,83700014;207,5550021;276,7400028;0;318,2510032;83,02200083;69,18500069;13,83700014;13,83700014;0
Loncoche;97,22897423;32,40965808;676,5516124;24,30724356;52,66569438;332,1989953;251,1748501;16,20482904;482,0936639;344,3526171;299,7893372;44,56327986;24,30724356;0
Longaví;21,52786321;3,075409029;436,7080822;21,52786321;46,13113544;190,6753598;172,2229056;6,150818059;353,6720384;325,9933571;292,1638578;33,82949932;30,75409029;3,075409029
Lonquimay;9,07935355;36,3174142;163,4283639;0;18,1587071;36,3174142;108,9522426;0;317,7773743;181,587071;108,9522426;72,6348284;18,1587071;0
Los Álamos;75,98104943;84,91999642;446,9473496;8,938946992;17,87789398;250,2905158;165,3705194;4,469473496;451,4168231;201,1263073;143,0231519;58,10315545;26,81684098;0
Los Andes;241,1849134;91,7390468;1075,714307;66,58479203;235,2662652;359,557877;334,4036222;79,90175044;732,4327124;359,557877;269,2984922;90,25938476;19,23560659;2,95932409
Los Ángeles;173,515771;181,360899;1034,172454;59,06919864;241,8145319;409,3310875;305,0370336;18,92060269;572,2328619;215,9717575;158,2869932;57,6847643;8,768084174;1,845912458
Los Lagos;73,21358844;24,40452948;522,2569309;19,52362358;102,4990238;195,2362358;180,5935182;24,40452948;561,3041781;209,8789535;180,5935182;29,28543538;29,28543538;0
Los Muermos;11,24479928;0;151,8047903;0;5,62239964;56,2239964;89,95839424;0;213,6511863;247,3855842;208,0287867;39,35679748;33,73439784;0
Los Sauces;93,13464609;26,60989888;904,736562;53,21979776;13,30494944;172,9643427;252,7940394;412,4534327;625,3326237;159,6593933;93,13464609;66,52474721;0;0
Los Vilos;139,0639259;39,11172917;1103,819912;52,14897223;121,6809352;534,5269654;304,202338;91,2607014;469,3407501;373,734301;265,0906088;108,6436921;13,03724306;4,345747686
Lota;248,9572187;124,4786093;891,0047826;34,94136402;80,8019043;417,112533;331,9429582;26,20602302;286,0824179;340,6782992;211,8320194;128,8462798;26,20602302;0
Lumaco;9,924573243;0;357,2846368;9,924573243;0;129,0194522;148,8685987;69,4720127;526,0023819;228,2651846;158,7931719;69,4720127;0;0
Machalí;87,33175794;35,96013562;731,1894243;23,97342375;172,9511285;303,0925717;215,7608137;15,41148669;366,4509059;238,0218501;186,6502277;51,37162232;11,98671187;0
Macul;592,486989;199,2841102;1194,938184;189,3199047;567,1932366;234,5420681;160,1937655;43,68920877;364,8432171;288,9619597;235,3085455;53,65341427;22,22784306;0
Máfil;27,100271;0;623,3062331;27,100271;40,6504065;257,4525745;230,3523035;67,75067751;460,704607;352,303523;325,203252;27,100271;13,5501355;0
Maipú;562,9438256;105,1769655;716,6504313;123,8829359;230,2952014;173,2949332;164,1184194;25,05894145;241,942315;202,2362458;157,9419197;44,29432609;18,17655612;1,41177135
Malloa;134,9335985;28,40707336;504,2255522;63,91591506;63,91591506;184,6459768;149,1371351;42,61061004;305,3760386;291,172502;213,0530502;78,11945174;7,10176834;0
Marchigüe;13,19087192;0;554,0166205;0;0;303,3900541;250,6265664;0;329,7717979;79,1452315;52,76348767;26,38174383;26,38174383;13,19087192
María Elena;59,26803971;59,26803971;1111,275745;29,63401985;44,45102978;311,1572085;711,2164765;14,81700993;251,8891688;400,059268;311,1572085;88,90205956;0;0
María Pinto;74,78923035;6,799020941;917,867827;74,78923035;61,19118847;428,3383193;346,750068;6,799020941;190,3725863;217,5686701;163,1765026;54,39216753;6,799020941;0
Mariquina;91,24087591;34,75842892;625,6517205;4,344803615;91,24087591;234,6193952;295,4466458;0;625,6517205;295,4466458;251,9986097;43,44803615;26,06882169;4,344803615
Maule;95,74042161;22,6295542;654,5163368;34,81469877;128,8143854;313,3322889;158,4068794;19,14808432;281,99906;224,554807;182,7771685;41,77763852;8,703674691;1,740734938
Maullín;20,11128243;6,70376081;147,4827378;6,70376081;13,40752162;40,22256486;87,14889053;0;281,557954;160,8902594;127,3714554;33,51880405;26,81504324;6,70376081
Mejillones;176,7658913;77,77699215;1124,231068;113,1301704;190,9071626;367,6730538;424,238139;28,2825426;664,6397511;714,1342007;516,1564025;197,9777982;28,2825426;0
Melipeuco;0;16,02820965;128,2256772;0;0;96,16925789;32,0564193;0;224,3949351;128,2256772;80,14104824;48,08462895;0;0
Melipilla;350,8822491;155,6274452;1146,311413;92,94416865;305,4909109;322,0623518;402,7580642;23,05591781;417,1680128;394,8325924;288,91947;105,9131224;18,73293322;2,881989726
Molina;91,63289825;42,76201918;496,8539372;30,54429942;81,45146511;169,0117901;177,1569366;38,68944593;523,3256633;175,12065;140,5037773;34,61687267;16,29029302;0
Monte Patria;18,54599407;12,36399604;364,7378833;9,272997033;27,8189911;173,0959446;151,4589515;3,090999011;191,6419387;253,4619189;194,7329377;58,72898121;18,54599407;0
Mostazal;210,3321033;73,80073801;1394,833948;88,56088561;461,2546125;302,5830258;472,3247232;70,11070111;900,3690037;387,4538745;306,2730627;81,18081181;33,2103321;0
Mulchén;100,0871727;25,82894779;768,4111968;38,74342169;125,9161205;274,4325703;255,0608595;74,25822491;371,2911245;148,5164498;113,0016466;35,51480322;22,60032932;0
Nacimiento;75,32281205;25,10760402;373,0272597;28,69440459;53,80200861;139,8852224;143,472023;7,173601148;269,010043;139,8852224;132,7116212;7,173601148;14,3472023;0
Nancagua;63,37805007;5,281504172;612,654484;10,56300834;68,65955424;290,4827295;237,6676878;5,281504172;586,2469631;242,9491919;195,4156544;47,53353755;10,56300834;0
Natales;21,35565711;0;277,6235425;46,98244565;25,62678854;85,42262845;106,7782856;12,81339427;457,0110622;277,6235425;209,2854397;68,33810276;29,89791996;0
Navidad;14,66705779;0;674,6846583;14,66705779;44,00117336;440,0117336;176,0046935;0;528,0140804;220,0058668;176,0046935;44,00117336;14,66705779;0
Negrete;67,48939452;19,28268415;347,0883147;0;67,48939452;144,6201311;134,978789;0;260,316236;347,0883147;308,5229464;38,5653683;9,641342075;0
Ninhue;36,89356207;0;184,4678104;18,44678104;18,44678104;55,34034311;55,34034311;36,89356207;129,1274673;110,6806862;73,78712415;36,89356207;55,34034311;0
Nogales;85,63110122;42,81555061;441,0001713;29,97088543;59,94177085;141,291317;205,5146429;4,281555061;244,0486385;231,2039733;149,8544271;81,34954616;8,563110122;4,281555061
Nueva Imperial;71,39882192;77,34872375;565,2406735;29,74950913;77,34872375;279,6453859;178,4970548;0;544,4160171;282,6203368;214,1964658;68,42387101;26,77455822;0
Ñiquén;25,96053998;8,653513326;666,3205261;8,653513326;155,7632399;250,9518865;181,7237799;69,22810661;259,6053998;86,53513326;86,53513326;0;8,653513326;0
Ñuñoa;484,3137988;185,6674683;1675,576213;265,0018899;870,1864567;247,9719879;238,0032648;54,41261376;512,1431509;205,1895511;171,960474;33,2290771;11,63017699;0,830726928
O'Higgins;0;0;0;0;0;0;0;0;305,3435115;305,3435115;305,3435115;0;0;0
Olivar;103,5911602;34,53038674;649,1712707;41,43646409;110,4972376;248,6187845;241,7127072;6,906077348;407,4585635;290,0552486;227,9005525;62,15469613;13,8121547;0
Ollagüe;352,1126761;0;0;0;0;0;0;0;0;704,2253521;704,2253521;0;0;0
Olmué;89,72870263;10,55631796;522,5377388;31,66895387;36,94711285;316,6895387;131,9539745;5,278158978;242,795313;295,5769028;242,795313;52,78158978;26,39079489;0
Osorno;133,4602173;117,2128865;723,0062204;42,35911243;183,3627333;247,1915328;233,2652493;16,82759261;699,7957478;302,3164052;235,5862965;66,73010863;23,21047257;1,740785442
Ovalle;160,0853789;100,0533618;1062,233191;77,54135539;209,2782818;422,7254536;291,8223052;60,86579509;516,1085912;281,8169691;220,1173959;61,69957311;14,17422625;0
Padre Hurtado;360,4631743;34,79374269;595,6688749;86,28848188;132,2162222;208,7624562;125,2574737;43,14424094;218,5047041;212,9377053;175,3604632;37,57724211;15,30924679;2,783499415
Padre Las Casas;103,5745552;39,4569734;446,3570116;56,71939927;39,4569734;208,3821408;136,8663765;4,932121675;284,8300268;154,1288024;108,5066769;45,6221255;25,8936388;0
Paiguano;0;21,5285253;495,1560818;0;21,5285253;150,6996771;322,9278794;0;710,4413348;409,0419806;365,98493;43,05705059;21,5285253;0
Paillaco;38,60072376;9,650180941;386,0072376;0;24,12545235;149,5778046;197,8287093;14,47527141;414,9577805;284,6803378;217,1290712;67,55126659;24,12545235;0
Paine;193,2822044;33,45268922;795,4306104;69,38335543;123,898849;381,6084549;196,9991699;23,54078131;226,7348936;266,3825253;211,8670318;54,51549355;28,49673527;6,194942449
Palena;0;0;0;0;0;0;0;0;384,1931943;219,5389682;164,6542261;54,88474204;0;0
Palmilla;45,56154606;7,593591009;577,1129167;7,593591009;30,37436404;265,7756853;265,7756853;7,593591009;265,7756853;129,0910472;113,9038651;15,18718202;15,18718202;0
Panguipulli;47,39336493;13,93922498;607,7502091;5,575689992;41,81767494;292,7237246;264,8452746;2,787844996;462,7822693;303,8751045;209,0883747;94,78672986;16,72706997;0
Panquehue;145,637495;13,23977228;542,8306633;39,71931683;79,43863366;211,8363564;198,5965841;13,23977228;436,9124851;383,953396;264,7954455;119,1579505;0;0
Papudo;130,7616868;0;1438,378555;32,69042171;163,4521085;980,7126512;245,1781628;16,34521085;523,0467473;179,7973194;130,7616868;49,03563256;16,34521085;0
Paredones;31,48118999;0;236,1089249;31,48118999;15,74059499;94,44356997;47,22178498;47,22178498;157,4059499;94,44356997;78,70297497;15,74059499;0;0
Parral;129,0410215;36,22204111;1009,689396;27,16653083;174,3185729;337,3177579;414,2895952;56,59693924;708,5936793;325,99837;244,4987775;81,4995925;6,791632709;0
Pedro Aguirre Cerda;638,0299426;205,214309;740,6370972;116,5990392;303,157502;166,9698242;110,069493;43,84123875;347,931533;361,9234178;295,6951635;66,22825428;19,58863859;2,798376941
Pelarco;22,27419534;0;389,7984185;0;77,95968371;133,6451721;178,1935628;0;345,2500278;267,2903441;222,7419534;44,54839069;11,13709767;0
Pelluhue;37,5798572;25,05323813;1139,922335;12,52661907;87,68633346;739,0705249;288,1122385;12,52661907;613,8043342;425,9050482;288,1122385;137,7928097;37,5798572;0
Pemuco;81,01851852;11,57407407;833,3333333;11,57407407;254,6296296;162,037037;347,2222222;57,87037037;312,5;312,5;243,0555556;69,44444444;11,57407407;0
Pencahue;46,66900012;0;408,353751;0;11,66725003;151,6742504;233,3450006;11,66725003;303,3485008;210,0105005;198,3432505;11,66725003;11,66725003;0
Penco;217,3038229;80,48289738;686,1167002;88,53118712;108,6519115;261,5694165;219,3158954;8,048289738;408,4507042;366,1971831;261,5694165;104,6277666;16,09657948;0
Peñaflor;234,0077868;78,67503177;816,0012911;57,49329245;192,6529624;323,7780154;223,9212443;18,15577656;327,8126324;259,2241431;205,7654677;53,45867544;15,1298138;1,008654253
Peñalolén;403,0228621;108,6674699;838,8366099;136,8828832;334,0094865;197,5078927;140,3144875;30,12186008;298,5495752;336,2972227;273,7657663;62,53145637;20,97091525;1,906446841
Peralillo;25,58635394;8,528784648;400,8528785;8,528784648;17,0575693;127,9317697;238,8059701;8,528784648;289,978678;247,3347548;153,5181237;93,81663113;0;0
Perquenco;83,36807003;27,78935668;541,8924552;13,89467834;0;222,3148534;291,7882451;13,89467834;277,8935668;83,36807003;83,36807003;0;13,89467834;0
Petorca;19,05669366;19,05669366;181,0385898;0;0;28,5850405;152,4535493;0;171,510243;266,7937113;219,1519771;47,64173416;0;0
Peumo;60,47574251;33,59763473;591,3183712;40,31716167;26,87810778;194,8662814;322,5372934;6,719526945;470,3668862;188,1467545;141,1100659;47,03668862;6,719526945;0
Pica;87,04735376;34,8189415;661,5598886;17,40947075;104,4568245;348,189415;191,5041783;0;504,8746518;348,189415;295,9610028;52,22841226;0;0
Pichidegua;19,43540158;9,717700792;242,9425198;9,717700792;9,717700792;43,72965356;174,9186143;4,858850396;238,0836694;126,3301103;106,8947087;19,43540158;0;0
Pichilemu;119,4267516;39,8089172;1376,251137;28,43494086;255,9144677;818,9262966;250,2274795;22,74795268;1057,7798;523,2029117;398,089172;125,1137398;34,12192903;0
Pinto;0;0;721,5007215;25,46473135;33,95297513;415,9239453;237,6708259;8,488243782;254,6473135;178,2531194;84,88243782;93,37068161;33,95297513;0
Pirque;108,0497029;43,89519179;719,2058347;23,6358725;192,4635332;256,6180443;212,7228525;33,76553214;236,358725;189,08698;151,9448947;37,14208536;30,38897893;0
Pitrufquén;69,45516283;57,87930236;752,4309307;38,58620157;73,31378299;374,2861553;246,9516901;19,29310079;382,0033956;223,7999691;189,0723877;34,72758142;30,86896126;7,717240315
Placilla;43,98988233;10,99747058;725,8330584;43,98988233;65,98482349;263,939294;329,9241175;21,99494116;307,9291763;230,9468822;175,9595293;54,98735291;21,99494116;0
Portezuelo;0;20,2020202;161,6161616;0;20,2020202;20,2020202;80,80808081;40,4040404;80,80808081;60,60606061;40,4040404;20,2020202;0;0
Porvenir;55,63282337;13,90820584;389,4297636;13,90820584;0;83,44923505;264,255911;27,81641168;292,0723227;389,4297636;222,5312935;166,8984701;13,90820584;0
Pozo Almonte;155,8472697;65,93538332;1444,584307;143,8590182;137,8648924;821,1952287;329,6769166;11,98825151;947,0718696;455,5535575;293,7121621;161,8413954;5,994125757;5,994125757
Primavera;0;0;574,7126437;0;0;0;574,7126437;0;431,0344828;0;0;0;0;0
Providencia;807,4019398;609,9219145;2374,292633;289,4215454;1074,809318;349,6367662;509,563213;150,8617899;2810,04364;377,4782124;282,9467905;94,53142199;18,12931381;0,647475493
Puchuncaví;187,9317351;60,95083299;2021,535961;147,2978464;386,0219423;1117,431938;355,5465258;15,23770825;726,3307599;396,1804145;330,1503454;66,03006908;25,39618041;0
Pucón;61,08113611;40,72075741;1092,673657;33,93396451;152,7028403;648,138722;237,5377515;20,3603787;936,5774203;400,4207812;339,3396451;61,08113611;20,3603787;0
Pudahuel;889,48125;134,4892429;775,1251273;107,1081994;278,239721;165,0915856;194,8886034;29,79701788;419,9768872;322,5325855;227,5042582;95,0283273;22,14643221;5,23461125
Puente Alto;510,5257224;135,4520812;796,9917887;134,8169015;307,9033828;217,0726789;117,1906635;20,00816206;265,6639296;278,6851144;220,2485776;58,43653681;18,8965975;2,223129118
Puerto Montt;176,7827791;112,8400718;986,9744944;54,91550159;215,5245371;414,499197;288,1183166;13,91694218;786,8714338;332,1259446;261,0366994;71,08924521;26,32935008;1,880667863
Puerto Octay;0;10,85069444;401,4756944;10,85069444;43,40277778;227,8645833;119,3576389;0;379,7743056;162,7604167;141,0590278;21,70138889;10,85069444;0
Puerto Varas;75,2429721;41,80165117;873,6545094;29,26115582;273,8008151;296,7917233;263,3504023;10,45041279;790,051207;246,6297419;171,3867698;75,2429721;12,54049535;0
Pumanque;28,32058907;0;538,0911923;28,32058907;0;226,5647125;254,8853016;28,32058907;254,8853016;198,2441235;141,6029453;56,64117814;28,32058907;0
Punitaqui;49,91265286;24,95632643;440,8951002;0;0;241,2444888;199,6506114;0;133,1004076;124,7816321;108,1440812;16,63755095;16,63755095;0
Punta Arenas;42,81677276;14,98587046;313,276054;83,49270688;47,81206291;82,06548112;94,19690007;5,708903034;421,0315988;259,0414752;201,238832;57,80264322;26,40367653;1,427225759
Puqueldón;0;0;119,0759705;0;0;47,63038819;71,44558228;0;166,7063587;166,7063587;71,44558228;95,26077638;23,81519409;0
Purén;49,21259843;16,40419948;500,328084;0;32,80839895;213,2545932;196,8503937;57,41469816;533,1364829;369,0944882;270,6692913;98,42519685;41,01049869;8,202099738
Purranque;94,87215976;14,23082396;517,0532707;4,743607988;28,46164793;180,2571036;298,8473033;4,743607988;445,8991509;393,719463;313,0781272;80,6413358;33,20525592;0
Putaendo;45,79016656;17,17131246;452,1778948;28,6188541;11,44754164;251,8459161;160,265583;0;377,7688741;280,4647702;240,3983744;40,06639574;11,44754164;0
Putre;0;40,11231448;200,5615724;0;80,22462896;0;120,3369434;0;561,5724027;361,0108303;280,7862014;80,22462896;40,11231448;0
Puyehue;42,5170068;0;603,7414966;8,503401361;76,53061224;365,6462585;153,0612245;0;484,6938776;272,1088435;229,5918367;42,5170068;25,51020408;0
Queilén;36,14022407;0;198,7712324;0;0;54,2103361;144,5608963;0;216,8413444;289,1217926;216,8413444;72,28044814;18,07011203;0
Quellón;68,86340943;24,1021933;371,8624109;10,32951141;27,54536377;154,9426712;168,7153531;10,32951141;581,8958097;351,2033881;213,4765692;137,7268189;34,43170471;0
Quemchi;0;0;159,453303;0;11,38952164;79,72665148;68,33712984;0;125,284738;113,8952164;113,8952164;0;22,77904328;0
Quilaco;23,94062724;0;766,1000718;23,94062724;119,7031362;263,3468997;215,4656452;143,6437635;383,0500359;0;0;0;0;0
Quilicura;755,2074764;110,64859;666,359538;105,3012603;209,3685215;112,7052552;225,4105104;13,57399059;258,3171542;273,9478101;213,893185;60,05462503;16,04198888;2,467998289
Quilleco;39,87638321;19,93819161;348,9183531;0;59,81457482;129,5982454;109,6600538;49,84547902;299,0728741;239,2582993;199,3819161;39,87638321;9,969095803;0
Quillón;80,62782197;21,50075253;763,2767147;91,37819824;107,5037626;349,3872286;204,257149;10,75037626;440,7654268;215,0075253;177,3812083;37,62631692;10,75037626;0
Quillota;163,0152632;113,1762018;955,2486761;73,72027827;175,4750286;329,1454678;355,1033122;21,80458935;506,6971239;278,2680926;203,5095006;74,75859205;20,76627557;0
Quilpué;212,400551;167,493006;872,6628354;129,8677655;203,2976703;251,2395089;267,0178356;21,2400551;438,1519938;241,5297695;202,0839528;39,44581662;14,56460921;1,213717434
Quinchao;12,01923077;0;96,15384615;0;0;12,01923077;72,11538462;12,01923077;252,4038462;204,3269231;144,2307692;60,09615385;0;12,01923077
Quinta de Tilcoco;43,70947767;0;225,8323013;36,42456473;14,56982589;94,70386829;72,84912945;7,284912945;335,1059955;203,9775625;174,8379107;29,13965178;7,284912945;0
Quinta Normal;1244,972522;186,515612;1245,740076;349,2370514;391,4525191;191,1209358;280,924749;33,00482024;360,7503608;383,7769795;310,8593534;72,91762611;23,79417273;2,302661877
Quintero;254,6617243;59,42106901;1397,809909;70,73936787;282,9574715;783,792196;234,8547013;25,46617243;659,2909086;498,0051498;365,0151382;132,9900116;36,78447129;0
Quirihue;32,9082682;16,4541341;394,8992184;0;16,4541341;148,0872069;213,9037433;16,4541341;361,9909502;197,4496092;156,314274;41,13533525;41,13533525;0
Rancagua;325,5824605;171,3792788;1177,516871;88,93401325;393,5234664;289,3218114;317,9486397;87,78894012;631,6986778;359,9346545;264,8935845;95,04106996;21,37469846;2,290146264
Ránquil;32,06155819;16,0307791;512,9849311;32,06155819;32,06155819;272,5232446;176,3385701;0;320,6155819;112,2154537;96,18467458;16,0307791;16,0307791;0
Rauco;45,06940689;18,02776275;486,7495944;9,013881377;63,09716964;261,4025599;144,222102;9,013881377;513,7912385;144,222102;117,1804579;27,04164413;9,013881377;0
Recoleta;1342,757348;499,2091736;1075,304248;176,288388;462,962963;130,7060322;227,3625939;77,98427134;656,8252713;522,824129;415,7330522;107,0910768;28,55762049;6,590220113
Renaico;111,4827202;83,61204013;919,7324415;27,87068004;167,2240803;343,7383872;325,1579339;55,74136009;678,1865478;343,7383872;269,4165738;74,32181345;55,74136009;0
Renca;871,9922882;102,0684615;711,3289692;158,1431101;156,2529534;167,5938935;150,5824833;78,75652892;216,7379676;417,7246294;323,8468469;93,87778247;22,68188033;2,520208925
Rengo;95,30162966;39,70901236;676,6415706;31,76720989;63,53441977;222,3704692;257,3144001;101,6550716;424,092252;355,7927507;284,3165285;71,47622224;9,530162966;1,588360494
Requínoa;106,9447229;6,684045184;648,3523829;53,47236147;106,9447229;183,8112426;270,70383;33,42022592;374,3065303;304,1240559;253,993717;50,13033888;6,684045184;0
Retiro;66,94400612;14,34514417;535,552049;33,47200306;52,59886195;239,0857361;210,3954478;0;215,1771625;205,6137331;162,5783006;43,03543251;4,781714723;0
Rinconada;108,9918256;18,16530427;708,4468665;90,82652134;63,57856494;308,8101726;236,1489555;9,082652134;399,6366939;272,479564;227,0663034;45,41326067;0;0
Río Bueno;27,38308942;21,29795844;459,4273892;9,127696474;33,4682204;234,2775428;179,511364;3,042565491;404,6612103;249,4903703;185,596495;63,89387532;6,085130982;0
Río Claro;34,19271011;13,67708405;417,1510634;0;20,51562607;191,4791766;157,2864665;47,86979416;177,8020926;191,4791766;150,4479245;41,03125214;0;0
Río Hurtado;0;0;160,1097896;22,87282708;0;22,87282708;91,49130833;22,87282708;343,0924062;114,3641354;22,87282708;91,49130833;22,87282708;0
Río Ibáñez;0;0;409,0740052;37,18854593;0;111,5656378;223,1312756;37,18854593;334,6969134;297,5083674;223,1312756;74,37709186;37,18854593;0
Río Negro;34,95770118;20,97462071;447,4585751;0;13,98308047;251,6954485;167,7969657;13,98308047;356,5685521;202,7546669;153,8138852;48,94078165;13,98308047;0
Río Verde;0;0;469,4835681;0;0;469,4835681;0;0;0;0;0;0;0;0
Romeral;56,44048664;18,81349555;533,0490405;18,81349555;137,965634;156,7791296;213,2196162;6,271165182;495,4220494;156,7791296;112,8809733;43,89815628;6,271165182;0
Saavedra;23,41554792;7,805182641;312,2073057;7,805182641;39,02591321;140,4932875;124,8829223;0;195,129566;195,129566;163,9088355;31,22073057;0;0
Sagrada Familia;25,84246434;20,67397147;454,8273723;5,168492867;72,35890014;175,7287575;191,2342361;10,33698573;315,2780649;129,2123217;113,7068431;15,5054786;15,5054786;0
Salamanca;79,93882942;48,65841791;271,0968998;10,42680384;41,70721535;100,7924371;118,1704435;0;291,9505074;437,9257612;319,7553177;118,1704435;17,3780064;0
San Antonio;291,8308215;143,8309049;1232,985221;135,4928814;236,591416;368,9575386;467,9715673;23,97181748;570,1123549;497,1546495;365,8307798;131,3238697;20,84505868;0
San Bernardo;931,2684393;185,9498482;1181,024608;232,1334707;400,1567812;253,4022442;265,555829;29,77628289;363,9998663;420,5140359;340,3003758;80,21366002;19,44573576;1,823037728
San Carlos;110,8429427;82,23831233;784,8395459;39,33136676;137,6597837;343,2555645;232,4126218;32,18020917;556,0025029;218,1103066;178,7789398;39,33136676;19,66568338;0
San Clemente;78,67992569;24,04108841;358,4307726;10,92776746;21,85553491;159,5454049;161,7309584;4,371106983;321,2763632;238,2253306;187,9576003;50,2677303;21,85553491;4,371106983
San Esteban;54,25133162;14,79581772;660,879858;49,31939239;73,97908858;286,0524758;236,7330834;14,79581772;290,9844151;192,3456303;167,6859341;24,65969619;9,863878477;4,931939239
San Fabián;21,70609941;0;629,476883;21,70609941;65,11829824;238,7670936;303,8853918;0;325,5914912;86,82439766;43,41219883;43,41219883;86,82439766;21,70609941
San Felipe;224,7545923;148,2165419;896,5885898;43,73602877;162,7952182;284,284187;355,9626786;49,81047721;917,2417145;392,4093692;323,160657;69,24871222;19,43823501;1,214889688
San Fernando;183,8920824;111,8783998;905,314867;42,43663439;219,8989237;309,9160269;268,7653511;64,29793089;839,7309775;365,2122475;273,9091856;91,30306187;21,8612965;1,285958618
San Gregorio;0;0;145,7725948;0;0;0;145,7725948;0;728,8629738;583,090379;291,5451895;291,5451895;0;0
San Ignacio;6,024822268;6,024822268;271,117002;6,024822268;18,0744668;114,4716231;132,5460899;0;162,6702012;144,5957344;120,4964454;24,09928907;12,04964454;0
San Javier;100,3481466;38,91050584;688,1015769;26,62297768;124,9232029;272,3735409;241,6547205;22,52713496;540,651239;217,0796641;165,8816301;51,198034;28,67089904;0
San Joaquín;704,7154185;186,2252149;973,271781;174,4636224;431,2583924;157,8013663;182,3046841;27,44371588;355,7881737;303,8411401;229,3510541;74,49008596;20,58278691;6,86092897
San José de Maipo;125,8549932;32,83173735;1668,946648;93,02325581;766,0738714;410,3967168;399,4528044;0;552,6675787;399,4528044;344,7332421;54,71956224;27,35978112;0
San Juan de la Costa;39,01170351;0;624,1872562;13,00390117;0;351,1053316;247,0741222;13,00390117;390,1170351;390,1170351;260,0780234;130,0390117;39,01170351;0
San Miguel;918,4061925;297,4113318;1590,952351;202,2397056;912,8545143;199,8604149;214,1361589;61,86155701;546,4437536;233,963581;193,5156399;40,44794112;22,99980966;2,379290654
San Nicolás;49,71826318;16,57275439;679,4829301;24,85913159;82,86377196;339,741465;223,7321843;8,286377196;298,3095791;116,0092807;91,15014915;24,85913159;24,85913159;0
San Pablo;47,40684555;9,48136911;786,9536361;0;66,36958377;388,7361335;322,3665497;9,48136911;417,1802408;218,0714895;151,7019058;66,36958377;9,48136911;0
San Pedro;145,2246711;8,542627712;1315,564668;42,71313856;8,542627712;478,3871519;785,9217495;0;298,9919699;187,9378097;162,3099265;25,62788314;0;0
San Pedro de Atacama;49,93508439;59,92210127;928,7925697;99,87016878;209,7273544;169,7792869;389,4936582;59,92210127;968,7406372;469,3897933;339,5585739;129,8312194;29,96105063;0
San Pedro de la Paz;223,0618021;83,64817577;630,846659;80,16283512;117,8045142;287,1920702;131,7458768;13,94136263;264,8858899;220,2735295;145,6872395;74,58629006;17,42670329;2,788272526
San Rafael;30,53435115;10,17811705;610,6870229;10,17811705;91,60305344;254,4529262;223,9185751;30,53435115;641,221374;111,9592875;101,7811705;10,17811705;10,17811705;0
San Ramón;673,8248518;240,4040638;695,7848384;159,49885;188,3935692;187,2377804;146,7851735;13,86946522;301,6608685;350,2039967;273,921938;76,28205869;21,95998659;2,311577536
San Rosendo;0;27,63194253;663,1666206;0;0;359,2152528;276,3194253;27,63194253;690,7985631;414,4791379;359,2152528;55,26388505;0;0
San Vicente;57,98144594;47,98464491;563,8195777;57,98144594;39,98720409;215,9309021;201,9353807;47,98464491;435,8605246;229,9264235;181,9417786;47,98464491;9,996801024;0
Santa Bárbara;13,74475981;27,48951962;439,8323139;13,74475981;54,97903924;185,5542574;171,8094976;13,74475981;247,4056766;247,4056766;192,4266373;54,97903924;20,61713972;0
Santa Cruz;73,9389757;41,8987529;754,1775521;12,32316262;160,201114;300,6851678;266,1803125;14,78779514;776,3592448;280,9681077;207,029132;73,9389757;12,32316262;0
Santa Juana;74,71303403;27,16837601;937,3089724;6,792094003;54,33675202;509,4070502;326,0205121;40,75256402;543,3675202;264,8916661;230,9311961;33,96047001;47,54465802;0
Santa María;49,53560372;12,38390093;885,4489164;55,72755418;61,91950464;414,8606811;352,9411765;0;321,9814241;328,1733746;253,869969;74,30340557;6,191950464;0
Santiago;1107,760692;816,0825572;1793,409717;299,0727922;847,5098493;154,4661674;401,1601395;91,20076904;1529,050731;479,2148518;377,7437258;101,4711259;26,70292787;2,670292787
Santo Domingo;59,81372298;0;1196,27446;34,17927027;68,35854055;632,3165;461,4201487;0;247,7997095;316,15825;264,8893446;51,26890541;0;0
Sierra Gorda;650,887574;59,17159763;8934,911243;828,4023669;2071,005917;355,0295858;5207,100592;473,3727811;1715,976331;2071,005917;1775,147929;295,8579882;59,17159763;0
Talagante;136,6646374;77,02915926;540,4465206;43,48420281;127,9677968;181,391246;150,3311011;37,27217384;438,5692455;275,8140864;223,633043;52,18104337;14,90886953;1,242405795
Talca;282,8938679;185,3295671;1105,160683;126,9614046;331,0369509;315,2732866;270,1125185;61,77652237;1016,117282;385,9967535;322,0900063;63,90674727;18,7459792;3,408359855
Talcahuano;306,5681435;111,8815699;686,4598016;100,5037831;171,2989008;170,6668015;228,8199339;15,17038236;499,3584192;274,331081;206,0643603;68,26672061;15,80248162;2,528397059
Taltal;37,39436093;14,95774437;635,7041358;44,87323312;74,78872186;157,0563159;314,1126318;44,87323312;501,0844365;358,9858649;344,0281206;14,95774437;14,95774437;0
Temuco;202,2500316;212,229474;1201,192211;181,6258507;287,0752916;434,7710383;258,4675568;39,25247324;888,5030171;298,3853262;237,843376;60,54195025;20,62418085;0,997944235
Teno;108,129362;16,38323667;796,2253023;55,70300469;101,5760674;268,6850814;298,1749074;72,08624136;366,9845015;209,7054294;173,6623087;36,04312068;19,65988401;0
Teodoro Schmidt;19,02225604;6,340752013;234,6078245;0;12,68150403;126,8150403;95,1112802;0;171,2003044;190,2225604;158,5188003;31,70376007;31,70376007;0
Tierra Amarilla;232,6073166;49,34094594;1818,566293;98,68189187;119,8280116;641,4322972;951,5753859;7,048706562;641,4322972;662,5784169;493,4094594;169,1689575;7,048706562;0
Tiltil;294,3131112;28,48191398;1053,830817;75,95177063;151,9035413;389,2528245;417,7347384;18,98794266;246,8432545;412,9877528;318,0480395;94,93971328;37,97588531;9,493971328
Timaukel;0;0;353,3568905;0;0;0;353,3568905;0;0;353,3568905;353,3568905;0;0;0
Tirúa;191,3439636;45,55808656;929,3849658;54,66970387;27,33485194;464,6924829;355,3530752;27,33485194;537,5854214;346,2414579;200,4555809;145,785877;54,66970387;18,22323462
Tocopilla;122,92563;159,0802271;712,245562;68,69373441;75,92465382;347,0841317;198,8502838;21,69275823;520,6261976;502,5488991;412,1624064;90,38649264;10,84637912;0
Toltén;9,925558313;0;218,3622829;29,77667494;19,85111663;49,62779156;119,1066998;0;347,3945409;238,2133995;228,2878412;9,925558313;9,925558313;0
Tomé;135,0058104;52,97696357;593,0002051;47,85016064;32,46975186;268,3026864;223,8703944;20,5072117;581,0376649;370,838745;276,847358;93,99138697;22,21614601;1,708934309
Torres del Paine;100,2004008;0;100,2004008;0;100,2004008;0;0;0;801,6032064;400,8016032;300,6012024;100,2004008;0;0
Tortel;0;0;176,366843;0;176,366843;0;0;0;176,366843;176,366843;176,366843;0;0;0
Traiguén;51,79736869;0;590,4900031;31,07842122;20,71894748;321,1436859;145,0326323;72,51631617;538,6926344;326,3234228;248,6273697;77,69605304;10,35947374;5,179736869
Treguaco;17,64602082;17,64602082;211,7522499;0;17,64602082;105,8761249;88,23010411;0;105,8761249;88,23010411;70,58408329;17,64602082;0;0
Tucapel;33,0709703;0;634,9626298;39,68516436;158,7406575;165,3548515;251,3393743;19,84258218;343,9380911;257,9535684;205,0400159;52,91355248;33,0709703;0
Valdivia;139,3354158;109,6409829;1140,380431;34,83385394;216,4267318;501,9501248;336,9176037;50,25211716;801,7496874;275,2445508;213,5714979;61,67305287;31,40757322;1,713140358
Vallenar;139,7142049;76,04697227;838,2852292;37,13921902;168,0107527;304,1878891;302,4193548;26,52801358;454,5132994;272,3542728;155,631013;116,7232598;3,537068478;3,537068478
Valparaíso;468,4132382;510,8801507;1170,554145;168,2711496;375,1776107;321,8544949;280,0261826;25,22470744;728,0042148;421,7954244;324,4088957;97,38652873;23,94750706;1,915800565
Vichuquén;22,77904328;0;341,6856492;0;0;182,2323462;159,453303;0;387,2437358;182,2323462;159,453303;22,77904328;0;0
Victoria;84,76252366;36,73042692;791,1168875;36,73042692;56,50834911;344,7009296;285,367163;67,81001893;825,021897;240,1604837;200,6046393;39,55584438;14,12708728;0
Vicuña;44,21467927;40,8135501;829,8755187;17,00564587;115,6383919;285,6948507;384,3275968;27,2090334;527,1750221;323,1072716;244,8813006;78,22597102;3,401129175;0
Vilcún;26,44365848;16,52728655;502,4295111;6,61091462;56,19277427;294,1857006;142,1346643;3,30545731;277,658414;175,1892374;125,6073778;49,58185965;13,22182924;0
Villa Alegre;63,4407982;17,30203587;703,6161255;28,83672645;57,67345291;259,5305381;334,5060269;23,06938116;294,1346098;213,3917758;161,4856681;51,90610762;34,60407175;0
Villa Alemana;195,3024994;103,868745;796,5708685;119,2296158;117,7666757;318,9209354;229,6815911;10,97205053;337,9391563;246,5054019;202,6171998;43,88820212;10,97205053;0
Villarrica;69,99692696;37,55932666;715,3344487;23,9013897;105,8490115;331,2049715;240,7211391;13,65793697;624,8506163;187,7966333;148,5300645;39,26656878;25,60863182;0
Viña del Mar;261,4576685;210,2298812;1057,307938;193,1539521;354,1155788;269,5757331;218,3479458;22,11472785;746,8619481;330,3212514;248,0208718;82,30037959;24,35419396;2,519399375
Vitacura;482,8759838;111,6783663;1684,747926;251,0104233;965,7519677;209,5298873;207,4026803;51,05296745;801,9570304;135,0776431;96,78791746;38,28972559;7,44522442;0
Yerbas Buenas;42,09418574;15,78531965;478,8213628;5,261773218;5,261773218;242,041568;215,7327019;10,52354644;215,7327019;226,2562484;210,4709287;15,78531965;36,83241252;0
Yumbel;40,77564335;36,24501631;815,512867;45,30627039;81,5512867;385,1032983;235,592606;67,95940558;434,9401957;222,0007249;181,2250816;40,77564335;13,59188112;0
Yungay;59,46267366;5,405697605;962,2141737;21,62279042;86,49116168;529,7583653;259,4734851;64,86837126;324,3418563;340,5589491;248,6620898;91,89685929;0;0
Zapallar;63,56470887;12,71294177;1004,3224;25,42588355;228,8329519;419,5270786;279,684719;50,8517671;826,3412154;254,2588355;254,2588355;0;25,42588355;0
