TASA DE DENUNCIA POR DELITOS DE ROBOS CON VIOLENCIA O INTIMIDACIÓN;;;;;;;;;;;;;;;;;;
SEGÚN UNIDAD TERRITORIAL;;;;;;;;;;;;;;;;;;
;;;;;;;;;;;;;;;;;;
ORDEN;UN_ADMIN;UNIDAD;Año;2005;2006;2007;2008;2009;2010;2011;2012;2013;2014;2015;2016;2017;2018;2019
1;PAÍS;TOTAL PAÍS;;302,4;310,3;358,4;332,4;324,0;279,8;321,5;275,9;295,4;334,9;340,9;330,0;345,5;361,5;383,2
2;REGION;Región de Arica y Parinacota;;133,8;146,5;166,6;161,0;212,5;186,3;201,2;188,6;180,4;179,9;181,4;208,6;182,2;182,7;268,4
3;PROVINCIA;Provincia de Arica;;135,9;148,7;168,6;163,4;215,2;189,0;204,1;191,3;183,0;181,9;183,5;211,5;184,7;185,2;272,0
4;COMUNA;Arica;;136,7;149,6;169,6;164,4;216,4;190,1;205,2;192,3;184,0;182,9;184,0;212,6;185,3;186,2;273,0
5;COMUNA;Camarones;;0,0;0,0;0,0;0,0;0,0;0,0;0,0;0,0;0,0;0,0;83,1;0,0;82,1;0,0;81,4
6;PROVINCIA;Provincia de Parinacota;;0,0;0,0;32,6;0,0;32,5;0,0;0,0;0,0;0,0;31,6;31,4;0,0;0,0;0,0;0,0
7;COMUNA;General Lagos;;0,0;0,0;0,0;0,0;0,0;0,0;0,0;0,0;0,0;124,7;0,0;0,0;0,0;0,0;0,0
8;COMUNA;Putre;;0,0;0,0;45,0;0,0;44,3;0,0;0,0;0,0;0,0;0,0;41,9;0,0;0,0;0,0;0,0
9;REGION;Región de Tarapacá;;271,0;248,3;322,2;408,4;407,6;366,8;476,2;330,9;362,7;410,3;420,8;392,1;297,0;294,1;307,7
10;PROVINCIA;Provincia de Iquique;;284,1;265,5;343,4;433,3;429,4;390,9;506,9;351,2;386,6;441,7;449,2;419,3;314,3;308,4;324,1
11;COMUNA;Alto Hospicio;;105,1;176,4;180,5;226,6;276,8;318,6;505,2;368,6;373,9;362,9;331,8;292,5;280,3;348,0;418,0
12;COMUNA;Iquique;;365,4;307,6;422,2;535,2;505,8;427,6;507,8;342,1;393,3;483,9;512,9;489,0;333,2;286,0;270,2
13;PROVINCIA;Provincia de Tamarugal;;104,0;30,5;54,5;96,3;135,7;68,3;97,4;81,8;71,4;28,7;76,0;62,6;88,0;121,5;109,8
14;COMUNA;Camiña;;0,0;0,0;0,0;0,0;81,2;0,0;0,0;0,0;79,4;0,0;0,0;0,0;0,0;0,0;0,0
15;COMUNA;Colchane;;0,0;0,0;0,0;0,0;202,2;0,0;201,5;66,9;66,9;133,6;66,7;0,0;133,3;196,5;0,0
16;COMUNA;Huara;;81,7;81,6;40,6;80,5;119,6;0,0;39,0;0,0;0,0;75,4;37,2;73,7;36,4;176,9;0,0
17;COMUNA;Pica;;79,2;0,0;49,6;48,0;116,1;90,1;43,7;84,8;123,9;20,1;59,0;0,0;56,4;0,0;87,0
18;COMUNA;Pozo Almonte;;146,0;37,7;72,7;140,2;143,6;89,7;125,8;106,3;66,2;14,3;96,9;94,3;111,2;156,6;155,8
19;REGION;Región de Antofagasta;;138,4;118,1;159,7;240,2;303,4;316,9;341,6;313,6;296,1;326,6;301,4;270,5;277,5;282,0;264,1
20;PROVINCIA;Provincia de Antofagasta;;102,4;87,1;143,0;204,3;327,9;355,2;391,2;360,8;327,3;312,8;290,1;259,7;275,1;269,6;244,6
21;COMUNA;Antofagasta;;107,3;89,1;146,8;216,2;344,9;373,1;407,0;379,5;339,8;327,6;300,2;264,1;287,4;279,7;252,1
22;COMUNA;Mejillones;;21,6;21,0;61,1;39,5;124,9;186,8;290,7;132,7;232,4;175,7;195,6;254,3;108,3;103,6;176,8
23;COMUNA;Sierra Gorda;;0,0;364,7;144,1;71,1;140,5;0,0;68,5;67,7;66,8;65,8;130,0;192,4;252,8;122,5;650,9
24;COMUNA;Taltal;;45,0;53,4;105,5;26,1;42,9;34,0;67,1;66,4;82,0;40,4;103,9;142,2;77,9;152,9;37,4
25;PROVINCIA;Provincia de El Loa;;232,6;201,8;212,2;351,0;286,4;272,9;277,6;246,8;264,4;380,7;356,3;318,0;302,8;343,5;335,5
26;COMUNA;Calama;;238,4;207,4;214,8;357,6;292,0;274,6;284,4;257,5;274,5;395,3;373,6;334,2;317,7;355,8;351,0
27;COMUNA;Ollagüe;;0,0;0,0;0,0;0,0;0,0;312,5;319,5;0,0;0,0;0,0;0,0;0,0;0,0;0,0;352,1
28;COMUNA;San Pedro de Atacama;;92,1;68,8;161,6;213,5;173,8;235,0;132,4;38,2;73,7;106,9;34,6;22,4;32,7;125,2;49,9
29;PROVINCIA;Provincia de Tocopilla;;70,3;47,3;86,2;89,6;122,9;114,3;108,5;117,8;99,6;204,7;144,2;146,9;170,0;97,3;110,4
30;COMUNA;María Elena;;32,9;22,8;0,0;24,4;0,0;52,0;40,1;82,2;0,0;14,3;0,0;29,7;75,2;59,8;59,3
31;COMUNA;Tocopilla;;84,0;55,8;115,2;110,7;161,3;133,1;128,5;127,8;126,9;255,5;181,7;176,6;193,4;106,5;122,9
32;REGION;Región de Atacama;;139,3;127,7;167,2;208,0;260,6;209,5;220,4;208,9;184,2;226,5;197,0;218,9;183,2;184,8;226,1
33;PROVINCIA;Provincia de Copiapó;;189,1;173,8;232,8;274,1;350,5;270,4;291,4;277,9;244,3;315,4;279,8;302,5;255,6;255,3;289,8
34;COMUNA;Caldera;;133,8;45,7;108,6;162,5;177,5;198,0;347,1;231,2;147,8;162,3;231,7;239,6;242,2;190,9;276,8
35;COMUNA;Copiapó;;207,2;200,5;257,4;299,0;384,3;293,5;300,9;302,0;272,2;345,7;299,2;326,7;272,6;275,1;296,1
36;COMUNA;Tierra Amarilla;;54,7;31,1;107,9;130,0;182,1;97,8;111,9;59,2;44,1;160,5;116,0;100,9;71,7;106,7;232,6
37;PROVINCIA;Provincia de Chañaral;;12,4;31,9;81,4;96,2;117,9;146,8;62,1;80,2;59,8;63,8;21,4;54,0;57,9;83,5;90,8
38;COMUNA;Chañaral;;22,3;52,4;127,9;135,9;166,5;250,2;113,8;121,6;91,3;99,0;22,9;107,0;91,9;122,3;152,4
39;COMUNA;Diego de Almagro;;5,3;16,7;46,0;65,1;78,9;62,1;19,0;45,1;32,7;33,1;20,1;6,8;27,5;48,4;34,7
40;PROVINCIA;Provincia de Huasco;;78,8;59,9;46,8;95,4;101,1;86,7;108,2;88,9;83,0;66,8;54,9;69,7;46,6;43,7;112,5
41;COMUNA;Alto del Carmen;;0,0;0,0;19,5;19,3;0,0;0,0;18,7;0,0;18,4;0,0;0,0;0,0;0,0;0,0;0,0
42;COMUNA;Freirina;;0,0;0,0;0,0;15,1;29,7;29,3;14,4;14,3;14,1;13,9;0,0;0,0;27,0;26,7;39,5
43;COMUNA;Huasco;;0,0;44,5;0,0;42,7;125,8;82,3;70,7;69,6;68,5;67,5;47,5;140,8;83,5;27,4;81,1
44;COMUNA;Vallenar;;109,9;75,9;63,7;122,5;115,8;103,5;136,2;111,1;101,1;80,3;69,0;72,2;46,7;53,5;139,7
45;REGION;Región de Coquimbo;;217,8;214,7;205,0;215,3;225,3;170,6;187,7;162,1;159,1;202,8;192,3;187,5;186,1;182,7;202,3
46;PROVINCIA;Provincia de Elqui;;296,4;283,1;273,3;283,3;285,1;195,8;215,3;194,1;189,4;240,9;239,2;226,1;235,3;226,4;246,1
47;COMUNA;Andacollo;;44,1;35,3;8,8;97,1;167,5;96,8;140,5;43,8;17,5;52,2;34,7;77,8;60,3;111,4;85,3
48;COMUNA;Coquimbo;;363,6;324,7;353,9;349,1;311,6;214,9;233,9;216,3;207,8;260,2;264,0;274,9;261,0;249,2;282,9
49;COMUNA;La Higuera;;0,0;76,4;0,0;75,2;49,7;123,2;24,4;72,5;71,9;47,5;117,7;186,7;92,6;22,9;136,1
50;COMUNA;La Serena;;294,5;299,2;246,8;268,2;297,0;195,3;221,2;202,3;197,4;263,0;248,3;207,2;245,6;235,9;247,0
51;COMUNA;Paiguano;;0,0;45,5;22,7;0,0;67,8;67,5;22,4;22,3;44,4;22,1;22,0;0,0;21,8;21,7;0,0
52;COMUNA;Vicuña;;35,6;47,0;69,9;61,5;117,8;127,8;119,0;66,2;94,5;53,9;103,1;77,4;62,7;65,4;44,2
53;PROVINCIA;Provincia de Choapa;;60,5;70,8;61,1;72,4;106,6;98,9;97,0;93,9;82,0;92,4;76,2;89,8;69,5;83,9;118,2
54;COMUNA;Canela;;0,0;0,0;0,0;0,0;31,8;21,2;31,8;10,6;0,0;21,2;21,2;52,9;31,7;31,6;115,6
55;COMUNA;Illapel;;47,8;102,1;67,0;124,4;108,3;139,9;104,6;101,1;81,9;75,3;90,7;74,8;80,7;80,2;138,0
56;COMUNA;Los Vilos;;171,5;116,3;119,9;97,7;162,1;119,7;171,9;149,9;147,7;140,7;120,1;173,1;94,3;92,8;139,1
57;COMUNA;Salamanca;;16,2;24,1;31,8;15,7;89,5;61,6;53,3;71,5;59,5;99,3;43,6;54,0;49,9;98,5;79,9
58;PROVINCIA;Provincia de Limarí;;103,9;116,7;104,7;113,1;129,5;140,4;159,8;109,7;114,7;152,6;118,5;126,7;102,8;104,6;114,5
59;COMUNA;Combarbalá;;7,2;29,1;7,3;36,6;14,6;29,3;29,3;14,6;21,9;14,6;7,3;36,5;29,1;21,8;36,1
60;COMUNA;Monte Patria;;41,7;44,9;9,6;57,8;44,9;28,8;57,4;60,4;22,2;22,1;34,6;18,8;25,0;18,7;18,5
61;COMUNA;Ovalle;;148,3;161,3;159,1;154,0;185,8;203,2;223,8;149,7;163,3;219,7;170,5;172,3;145,9;150,1;160,1
62;COMUNA;Punitaqui;;19,5;48,2;9,5;9,4;9,3;27,7;27,4;9,0;35,7;70,5;8,7;103,5;8,5;8,4;49,9
63;COMUNA;Río Hurtado;;0,0;0,0;0,0;0,0;0,0;0,0;22,4;0,0;22,6;0,0;0,0;45,6;0,0;22,9;0,0
64;REGION;Región de Valparaíso;;247,2;230,0;250,2;279,1;302,1;270,7;302,6;244,8;233,1;270,2;276,4;276,5;255,1;241,4;240,9
65;PROVINCIA;Provincia de Valparaíso;;326,3;297,8;344,6;369,6;432,7;378,8;428,7;345,8;319,6;386,9;412,8;401,9;375,7;343,9;334,9
66;COMUNA;Casablanca;;135,9;92,2;74,4;130,4;96,4;83,2;125,0;107,8;110,2;138,7;155,3;142,3;201,3;194,6;208,9
67;COMUNA;Concón;;168,9;257,0;190,0;306,4;379,5;218,6;280,5;226,0;215,1;298,4;303,2;256,6;234,1;218,8;203,9
68;COMUNA;Juan Fernández;;0,0;0,0;0,0;0,0;0,0;0,0;0,0;0,0;0,0;0,0;0,0;0,0;0,0;0,0;0,0
69;COMUNA;Puchuncaví;;74,9;159,5;116,9;260,3;210,9;224,5;231,5;313,9;176,7;167,7;115,2;145,5;301,2;279,7;187,9
70;COMUNA;Quintero;;163,4;201,9;334,2;331,9;405,7;352,2;387,3;263,6;234,4;247,9;183,2;252,0;255,1;307,0;254,7
71;COMUNA;Valparaíso;;382,4;312,5;398,2;483,6;552,6;441,2;526,7;421,5;417,4;514,4;567,7;568,2;509,6;464,0;468,4
72;COMUNA;Viña del Mar;;331,9;319,6;346,6;300,3;369,9;375,1;396,2;320,6;277,1;328,9;347,4;322,4;305,8;273,9;261,5
73;PROVINCIA;Provincia de Isla de Pascua;;42,1;39,8;18,9;0,0;86,0;82,4;79,1;76,2;14,7;42,8;69,1;53,7;26,2;50,8;0,0
74;COMUNA;Isla de Pascua;;42,1;39,8;18,9;0,0;86,0;82,4;79,1;76,2;14,7;42,8;69,1;53,7;26,2;50,8;0,0
75;PROVINCIA;Provincia de Los Andes;;229,9;152,2;182,5;192,2;198,7;177,9;174,9;159,5;148,5;147,8;149,8;175,3;135,7;131,3;173,1
76;COMUNA;Calle Larga;;17,5;25,6;83,0;96,9;110,1;130,3;97,2;65,6;49,9;69,6;102,1;99,8;143,1;63,5;80,7
77;COMUNA;Los Andes;;351,6;216,4;250,2;253,7;258,6;202,6;217,0;209,6;210,2;201,6;199,0;247,9;171,2;177,4;241,2
78;COMUNA;Rinconada;;12,9;75,4;97,7;106,8;80,8;202,3;109,4;117,3;31,3;81,4;79,6;58,4;76,1;46,5;109,0
79;COMUNA;San Esteban;;6,4;31,2;36,7;72,0;100,1;109,8;113,5;72,4;65,7;53,8;52,9;46,9;40,9;75,4;54,3
80;PROVINCIA;Provincia de Petorca;;66,9;90,4;87,2;81,4;112,1;124,2;147,8;84,2;91,3;69,3;76,4;56,0;69,1;89,3;81,3
81;COMUNA;Cabildo;;80,9;95,9;85,7;50,3;65,3;150,3;124,9;129,5;104,4;29,8;39,6;49,3;54,1;78,3;73,0
82;COMUNA;La Ligua;;82,9;114,7;125,6;127,6;155,4;125,7;212,7;73,2;111,9;102,8;121,5;85,0;95,2;110,6;98,9
83;COMUNA;Papudo;;99,5;78,3;0,0;76,0;168,6;203,1;72,8;89,6;53,1;35,0;69,1;0,0;67,3;33,2;130,8
84;COMUNA;Petorca;;10,1;20,1;20,1;10,0;9,9;29,7;19,7;39,3;39,2;48,8;0,0;0,0;38,6;105,5;19,1
85;COMUNA;Zapallar;;0,0;63,1;61,9;45,6;134,4;117,5;129,9;71,0;55,9;68,8;67,8;53,4;26,3;38,8;63,6
86;PROVINCIA;Provincia de Quillota;;95,4;97,7;140,8;147,7;134,9;113,7;157,8;121,4;113,3;120,1;116,5;113,0;114,6;114,6;128,4
87;COMUNA;Hijuelas;;5,9;23,4;11,6;40,3;85,7;51,0;146,3;50,2;61,0;49,5;87,5;97,7;96,9;64,0;84,5
88;COMUNA;La Calera;;169,8;163,7;184,9;223,4;191,9;152,8;241,1;176,9;163,1;143,6;152,8;175,2;142,3;135,9;123,8
89;COMUNA;La Cruz;;33,1;50,9;6,1;35,4;28,4;54,7;58,1;20,4;44,3;71,5;55,4;76,1;56,4;79,8;77,3
90;COMUNA;Nogales;;13,4;8,9;35,6;26,6;53,2;44,2;92,6;57,1;70,2;105,0;61,1;82,6;86,6;90,4;85,6
91;COMUNA;Quillota;;101,4;105,1;194,7;178,3;154,1;133,8;149,4;142,0;121,5;135,7;129,8;97,1;123,7;127,3;163,0
92;PROVINCIA;Provincia de San Antonio;;301,1;354,4;288,8;362,1;327,4;310,8;343,2;310,2;281,4;296,4;297,3;238,2;240,8;256,0;265,7
93;COMUNA;Algarrobo;;157,0;123,1;146,5;310,3;197,6;233,5;210,8;197,3;192,4;180,4;330,6;143,8;239,1;185,7;235,5
94;COMUNA;Cartagena;;443,4;335,0;395,0;412,1;349,5;299,1;288,3;296,4;277,1;401,1;419,6;377,3;327,8;288,0;245,7
95;COMUNA;El Quisco;;194,2;287,5;162,4;265,6;233,6;225,7;253,8;225,6;186,2;213,8;189,6;216,0;217,1;276,8;264,9
96;COMUNA;El Tabo;;135,6;204,3;236,1;216,3;179,4;354,6;316,1;178,4;206,3;168,6;187,7;206,2;201,4;335,1;327,7
97;COMUNA;San Antonio;;344,4;439,4;332,2;413,0;401,7;359,6;424,7;378,2;346,4;341,6;322,7;248,5;250,1;262,8;291,8
98;COMUNA;Santo Domingo;;11,9;46,4;22,5;109,4;21,3;41,5;30,4;138,3;48,3;94,6;64,9;45,4;62,3;95,9;59,8
99;PROVINCIA;Provincia de San Felipe de Aconcagua;;273,3;193,6;203,4;219,1;160,7;170,4;217,7;183,0;197,3;231,3;181,7;196,1;198,8;180,2;165,1
100;COMUNA;Catemu;;93,2;69,2;30,4;173,1;133,9;198,7;131,0;50,4;106,9;77,6;27,9;110,5;47,8;114,6;79,9
101;COMUNA;Llaillay;;254,1;199,6;180,6;208,6;160,2;292,2;252,1;208,6;210,8;196,8;183,0;212,9;163,9;181,3;183,0
102;COMUNA;Panquehue;;43,9;116,6;58,0;0,0;71,7;71,2;56,6;42,1;69,8;13,9;123,7;40,9;108,2;53,5;145,6
103;COMUNA;Putaendo;;64,8;38,5;70,1;69,4;106,3;55,8;79,9;60,9;48,3;47,9;35,7;59,0;64,3;69,4;45,8
104;COMUNA;San Felipe;;429,8;292,7;320,3;314,9;204,5;174,6;293,6;261,9;279,9;357,0;262,9;269,9;301,4;249,0;224,8
105;COMUNA;Santa María;;36,5;14,5;35,7;70,6;69,8;96,6;88,6;67,3;66,6;98,8;97,7;96,6;63,6;69,1;49,5
106;PROVINCIA;Provincia de Marga Marga;;173,7;174,4;169,3;221,1;243,2;216,5;207,6;157,5;169,2;195,8;193,4;239,5;191,0;186,1;186,9
107;COMUNA;Limache;;128,6;162,6;156,1;142,9;148,1;90,1;164,7;123,2;113,2;163,7;98,0;99,1;106,3;88,4;115,7
108;COMUNA;Olmué;;45,6;25,7;50,7;106,1;55,3;42,4;41,8;29,4;40,5;74,2;106,9;38,8;87,4;75,2;89,7
109;COMUNA;Quilpué;;169,0;205,5;184,0;256,2;295,6;258,0;247,4;179,4;195,7;222,6;233,4;304,1;235,3;241,9;212,4
110;COMUNA;Villa Alemana;;216,3;160,1;172,6;223,0;239,8;237,0;197,1;161,0;175,3;191,6;191,4;240,0;182,4;169,3;195,3
111;REGION;Región Metropolitana de Santiago;;481,7;511,0;583,2;509,6;475,6;414,1;479,9;416,6;467,9;525,9;553,4;525,8;576,6;617,4;666,6
112;PROVINCIA;Provincia de Santiago;;525,0;562,1;641,7;553,9;520,0;442,9;515,3;449,1;510,3;568,2;603,7;568,8;627,8;674,5;740,8
113;COMUNA;Cerrillos;;929,9;754,6;845,7;681,1;660,0;555,2;707,0;581,7;543,0;626,5;664,3;680,8;597,5;763,4;1.118,0
114;COMUNA;Cerro Navia;;289,2;237,7;275,1;300,0;321,2;292,5;376,8;412,8;379,5;446,7;421,1;389,6;391,8;540,8;649,9
115;COMUNA;Conchalí;;546,6;600,2;541,0;572,8;453,5;417,8;428,9;448,9;546,4;622,4;521,1;501,9;653,6;738,7;985,0
116;COMUNA;El Bosque;;530,5;556,9;549,7;443,5;379,5;377,7;484,5;457,9;457,9;524,5;540,6;564,8;757,6;805,1;760,4
117;COMUNA;Estación Central;;986,8;919,7;1.168,0;1.054,3;962,4;847,9;808,6;773,9;849,1;1.013,6;972,8;814,0;829,7;914,7;1.073,3
118;COMUNA;Huechuraba;;394,2;444,7;470,0;418,3;356,6;346,5;441,5;375,7;569,0;524,3;566,8;477,6;524,2;534,2;654,0
119;COMUNA;Independencia;;461,8;544,9;646,5;470,8;471,5;469,9;487,9;471,7;496,1;566,3;689,7;567,2;655,4;741,8;759,5
120;COMUNA;La Cisterna;;873,7;858,2;1.069,2;859,6;812,4;670,1;708,1;688,2;791,2;848,7;1.106,8;1.104,1;1.037,1;1.153,2;1.076,0
121;COMUNA;La Florida;;720,9;740,6;745,9;604,5;588,6;467,1;508,5;445,9;493,4;512,8;620,4;600,6;628,3;618,1;634,9
122;COMUNA;La Granja;;756,1;842,4;952,1;728,1;644,9;508,5;658,4;542,6;591,2;677,9;619,6;695,6;838,2;1.005,8;1.025,7
123;COMUNA;La Pintana;;555,7;624,1;772,4;602,7;490,4;462,4;548,8;502,2;518,0;588,8;586,2;629,7;666,1;717,6;706,8
124;COMUNA;La Reina;;303,3;308,1;347,3;413,9;325,7;245,3;251,1;225,1;340,2;306,5;384,1;359,8;462,8;290,4;338,3
125;COMUNA;Las Condes;;200,6;223,8;228,8;251,9;226,0;237,4;233,3;173,8;196,3;226,4;304,8;290,5;246,0;177,4;185,6
126;COMUNA;Lo Barnechea;;225,9;222,5;240,9;209,6;192,8;144,1;196,9;172,4;178,3;277,7;400,1;234,8;188,6;125,1;105,7
127;COMUNA;Lo Espejo;;626,7;499,8;600,1;625,6;534,8;393,1;505,1;493,3;496,8;588,9;635,5;592,8;699,8;759,8;1.023,7
128;COMUNA;Lo Prado;;397,3;443,6;529,9;450,4;503,6;415,5;414,3;342,5;427,3;428,6;470,2;495,3;464,4;677,8;754,5
129;COMUNA;Macul;;369,9;463,5;474,4;519,9;462,1;310,4;389,9;317,0;400,1;422,2;477,5;518,1;517,7;540,2;592,5
130;COMUNA;Maipú;;299,2;366,0;438,5;448,7;399,0;338,0;438,5;357,9;392,5;455,9;484,9;387,3;414,7;479,1;562,9
131;COMUNA;Ñuñoa;;413,6;502,1;561,4;506,9;421,4;370,2;438,2;330,1;381,1;454,6;489,8;448,6;504,4;485,7;484,3
132;COMUNA;Pedro Aguirre Cerda;;500,9;484,0;650,4;529,5;464,9;401,5;413,6;371,6;386,7;448,9;454,2;412,0;498,8;631,3;638,0
133;COMUNA;Peñalolén;;396,7;388,9;376,3;406,5;365,1;261,0;325,8;271,0;317,1;330,9;331,6;301,2;341,5;306,2;403,0
134;COMUNA;Providencia;;740,5;802,0;840,5;699,9;738,6;648,5;872,2;688,9;897,4;902,7;1.024,5;953,1;987,6;796,5;807,4
135;COMUNA;Pudahuel;;297,9;320,9;386,8;440,1;450,5;363,8;487,7;408,5;476,8;551,9;617,0;504,9;504,2;689,5;889,5
136;COMUNA;Quilicura;;576,6;580,6;520,9;402,7;453,7;344,4;442,0;404,1;419,6;511,6;441,0;434,6;545,4;573,7;755,2
137;COMUNA;Quinta Normal;;342,8;321,8;486,4;555,0;641,7;450,5;742,2;623,4;727,0;818,5;810,9;794,5;915,6;1.160,6;1.245,0
138;COMUNA;Recoleta;;620,4;679,8;872,8;610,4;720,3;717,1;744,1;869,4;924,1;942,4;928,5;922,5;1.052,1;1.108,6;1.342,8
139;COMUNA;Renca;;406,6;597,2;675,9;398,2;357,3;346,7;506,6;380,3;523,0;527,0;523,6;495,8;514,1;709,6;872,0
140;COMUNA;San Joaquín;;640,2;704,1;917,2;639,1;650,9;554,5;434,1;387,6;435,6;489,7;491,1;519,9;605,8;725,9;704,7
141;COMUNA;San Miguel;;818,8;844,6;1.203,1;896,7;732,5;629,8;633,7;558,3;643,3;789,1;814,8;857,1;888,9;986,1;918,4
142;COMUNA;San Ramón;;487,5;486,6;733,1;606,7;586,4;462,2;511,6;353,0;450,4;517,1;597,1;616,4;640,8;704,6;673,8
143;COMUNA;Santiago;;1.155,9;1.321,6;1.455,4;1.151,0;1.073,4;916,0;977,5;772,0;914,7;988,4;1.007,4;964,9;1.141,3;1.164,0;1.107,8
144;COMUNA;Vitacura;;176,9;172,7;244,7;243,9;228,0;176,4;248,8;258,4;298,8;425,4;575,3;439,8;634,6;426,5;482,9
145;PROVINCIA;Provincia de Cordillera;;360,1;433,4;452,7;412,1;382,6;364,3;441,3;385,8;381,3;441,4;497,2;473,7;531,3;507,5;482,6
146;COMUNA;Pirque;;165,2;74,6;57,6;92,8;85,2;95,6;80,0;85,8;103,4;131,5;101,7;80,7;100,0;111,1;108,0
147;COMUNA;Puente Alto;;374,3;456,0;476,2;434,3;402,9;383,5;467,0;407,5;401,0;465,0;525,0;502,0;563,2;538,4;510,5
148;COMUNA;San José de Maipo;;97,7;95,8;147,7;59,3;77,6;69,9;62,5;67,6;109,1;89,6;147,1;110,2;119,7;83,8;125,9
149;PROVINCIA;Provincia de Chacabuco;;253,1;268,6;299,9;352,3;352,7;296,9;353,8;255,2;307,5;353,8;382,5;345,7;351,3;394,3;417,2
150;COMUNA;Colina;;301,4;303,1;385,2;424,2;402,2;336,9;387,7;287,8;334,3;373,2;435,3;396,5;371,9;370,6;366,2
151;COMUNA;Lampa;;208,7;256,7;213,0;296,0;332,7;288,4;340,8;243,6;314,4;337,6;334,9;297,2;352,0;446,7;511,0
152;COMUNA;Tiltil;;122,3;107,6;99,5;120,5;118,2;71,8;184,4;85,3;89,2;294,8;239,4;220,8;192,4;290,4;294,3
153;PROVINCIA;Provincia de Maipo;;488,0;429,5;514,2;457,5;395,8;397,5;446,7;393,7;461,7;559,9;514,2;552,6;566,5;661,2;664,5
154;COMUNA;Buin;;161,2;146,7;144,7;186,2;180,7;207,3;226,6;155,2;183,9;220,6;201,0;187,3;209,4;228,1;284,1
155;COMUNA;Calera de Tango;;369,8;317,7;462,4;442,2;418,6;504,1;488,9;379,6;291,3;476,2;377,7;278,9;322,0;274,6;340,3
156;COMUNA;Paine;;147,7;117,7;137,6;104,8;150,6;166,7;138,7;152,9;203,6;174,2;167,8;198,9;212,6;188,2;193,3
157;COMUNA;San Bernardo;;657,2;582,5;703,2;613,2;510,7;496,7;578,8;522,1;620,5;762,2;705,7;775,6;786,6;948,6;931,3
158;PROVINCIA;Provincia de Melipilla;;167,3;139,4;190,5;210,0;188,8;217,3;211,4;212,9;237,2;281,1;269,8;268,4;270,7;296,2;289,2
159;COMUNA;Alhué;;19,7;0,0;37,1;18,0;0,0;68,3;33,4;48,8;15,9;15,6;45,8;74,8;73,2;71,2;138,6
160;COMUNA;Curacaví;;125,3;82,8;165,4;151,4;144,8;158,4;93,8;98,4;131,0;199,3;171,9;136,4;136,9;194,2;215,6
161;COMUNA;María Pinto;;17,4;8,5;99,9;24,5;40,0;78,4;38,5;75,8;67,1;80,7;101,1;57,0;70,2;82,9;74,8
162;COMUNA;Melipilla;;214,0;184,0;226,0;268,0;235,5;270,7;283,0;277,8;306,8;355,4;342,7;349,3;352,0;367,1;350,9
163;COMUNA;San Pedro;;22,1;32,5;53,0;51,9;71,3;30,0;49,1;67,5;85,5;65,5;55,2;99,6;89,1;174,4;145,2
164;PROVINCIA;Provincia de Talagante;;225,0;213,1;301,6;265,7;248,2;227,5;235,7;184,3;175,3;190,4;174,4;155,0;183,3;176,3;212,9
165;COMUNA;El Monte;;127,0;58,7;159,5;137,2;204,5;197,3;225,7;152,4;107,3;80,5;101,0;115,4;139,8;116,6;152,7
166;COMUNA;Isla de Maipo;;78,5;69,8;110,1;107,3;135,6;123,5;123,8;127,1;127,5;97,3;65,5;93,9;126,4;59,4;106,5
167;COMUNA;Padre Hurtado;;174,2;227,3;354,4;334,0;257,6;221,3;178,4;193,5;164,2;187,0;181,5;176,3;185,7;205,6;360,5
168;COMUNA;Peñaflor;;304,3;237,1;276,2;311,0;283,6;218,1;266,2;192,4;213,7;224,3;199,7;150,4;188,6;199,5;234,0
169;COMUNA;Talagante;;279,8;311,1;446,6;295,4;272,1;306,2;301,7;209,8;193,5;249,9;225,6;191,4;223,4;208,4;136,7
170;REGION;Región del Libertador Gral. Bernardo O’Higgins;;166,0;166,9;212,5;195,1;181,8;164,3;181,7;153,5;155,3;153,3;145,9;146,6;149,9;151,9;153,6
171;PROVINCIA;Provincia de Cachapoal;;209,8;197,5;254,1;231,2;209,9;192,9;201,6;176,3;174,2;174,8;173,0;164,4;172,4;177,1;179,1
172;COMUNA;Codegua;;85,9;67,8;150,6;99,1;57,0;96,5;95,3;188,2;100,8;84,3;53,0;134,7;66,4;109,3;71,9
173;COMUNA;Coinco;;0,0;43,8;57,8;28,6;85,1;56,2;41,7;41,4;13,7;13,6;40,3;66,5;79,0;26,1;51,6
174;COMUNA;Coltauco;;22,8;62,0;50,1;65,9;43,4;48,2;74,0;57,4;25,8;30,6;5,0;54,7;29,4;62,9;33,4
175;COMUNA;Doñihue;;37,8;63,9;52,5;98,4;40,9;65,5;54,6;73,5;96,8;110,0;75,5;55,9;55,2;86,1;125,1
176;COMUNA;Graneros;;192,7;147,9;243,1;198,9;211,7;163,2;192,0;123,9;173,8;153,2;174,7;157,5;126,3;138,5;133,5
177;COMUNA;Las Cabras;;63,6;26,9;22,1;17,4;64,5;33,9;54,4;45,5;53,1;64,6;59,9;39,4;93,4;46,1;53,0
178;COMUNA;Machalí;;56,6;86,3;77,3;88,8;87,5;97,7;76,6;67,6;55,1;69,2;84,4;80,1;112,2;91,5;87,3
179;COMUNA;Malloa;;59,6;52,1;22,3;111,2;73,9;81,1;73,4;58,6;58,4;87,3;43,5;137,3;43,1;78,6;134,9
180;COMUNA;Mostazal;;126,2;68,9;85,2;75,8;187,3;164,5;174,8;104,5;107,3;176,9;241,0;161,3;166,8;194,5;210,3
181;COMUNA;Olivar;;15,4;22,9;45,6;120,8;82,4;59,5;88,6;117,2;58,2;65,0;136,2;78,2;70,5;118,6;103,6
182;COMUNA;Peumo;;13,9;34,7;48,5;41,5;48,4;48,3;41,3;41,2;13,7;41,1;61,5;54,5;40,7;54,0;60,5
183;COMUNA;Pichidegua;;10,7;32,0;26,5;57,8;57,4;15,5;20,6;35,8;50,8;60,5;15,0;29,9;24,7;39,2;19,4
184;COMUNA;Quinta de Tilcoco;;49,7;24,7;32,6;56,6;80,2;23,8;7,9;62,4;54,1;69,0;68,4;82,8;29,8;51,6;43,7
185;COMUNA;Rancagua;;402,3;387,0;516,1;442,8;379,2;356,8;376,1;322,7;330,1;311,0;294,6;284,4;318,5;327,0;325,6
186;COMUNA;Rengo;;136,7;137,2;132,2;154,1;145,4;135,1;154,4;135,6;91,8;134,6;156,5;153,2;99,3;75,6;95,3
187;COMUNA;Requínoa;;152,7;85,3;119,9;121,9;131,6;87,7;97,6;81,4;113,1;93,6;127,8;84,0;103,4;84,8;106,9
188;COMUNA;San Vicente;;95,4;69,1;73,0;74,5;87,1;83,9;54,6;69,2;66,3;59,3;46,1;27,0;49,2;64,8;58,0
189;PROVINCIA;Provincia de Cardenal Caro;;54,3;53,9;46,4;59,8;47,9;40,7;53,7;35,5;39,6;17,5;45,4;57,9;42,4;44,1;56,1
190;COMUNA;La Estrella;;0,0;32,1;0,0;0,0;32,2;32,3;32,3;0,0;32,3;0,0;64,8;64,7;32,3;0,0;32,2
191;COMUNA;Litueche;;67,7;50,4;33,4;49,6;65,5;32,5;32,2;16,0;31,6;0,0;0,0;30,8;15,3;30,2;14,9
192;COMUNA;Marchigüe;;28,0;14,0;27,8;27,7;41,5;41,3;27,4;27,3;0,0;27,1;40,5;40,3;13,4;26,6;13,2
193;COMUNA;Navidad;;34,4;34,0;50,4;66,5;32,9;0,0;48,2;0,0;31,4;31,1;30,8;30,4;15,0;14,9;14,7
194;COMUNA;Paredones;;14,9;15,0;0,0;0,0;15,2;15,3;0,0;15,5;0,0;0,0;0,0;0,0;15,7;31,5;31,5
195;COMUNA;Pichilemu;;102,6;107,8;91,6;117,4;67,7;73,1;104,4;76,9;81,9;24,8;85,3;107,9;88,3;81,0;119,4
196;PROVINCIA;Provincia de Colchagua;;66,5;104,0;129,2;120,3;129,0;107,7;150,7;111,9;124,0;118,6;87,6;112,7;105,5;99,7;98,2
197;COMUNA;Chépica;;0,0;13,6;27,0;13,5;20,1;13,3;26,5;19,8;0,0;26,1;6,5;19,4;57,7;82,8;50,6
198;COMUNA;Chimbarongo;;41,2;61,5;46,6;57,8;103,4;82,8;141,7;84,5;53,2;86,2;77,4;65,9;46,3;75,5;58,8
199;COMUNA;Lolol;;0,0;15,3;15,2;15,1;0,0;0,0;0,0;14,6;0,0;0,0;43,0;28,4;0,0;55,9;27,7
200;COMUNA;Nancagua;;18,1;47,8;53,3;111,6;93,1;86,5;57,1;62,3;50,5;55,6;22,1;43,7;37,8;26,7;63,4
201;COMUNA;Palmilla;;0,0;0,0;8,3;0,0;8,2;8,2;0,0;8,0;16,0;39,6;15,7;23,4;15,5;30,7;45,6
202;COMUNA;Peralillo;;9,7;28,8;95,1;0,0;46,8;27,8;45,9;18,2;36,1;35,8;44,4;79,2;52,3;8,6;25,6
203;COMUNA;Placilla;;23,4;23,3;69,8;58,0;11,6;23,0;34,3;22,8;34,1;11,3;45,1;11,2;55,7;44,3;44,0
204;COMUNA;Pumanque;;0,0;0,0;0,0;0,0;0,0;28,2;28,3;0,0;0,0;28,5;28,4;0,0;56,9;56,8;28,3
205;COMUNA;San Fernando;;158,0;241,0;278,0;248,5;277,5;214,7;308,8;234,4;281,6;243,9;174,6;238,1;227,6;196,4;183,9
206;COMUNA;Santa Cruz;;31,7;45,7;96,2;100,7;55,3;76,6;94,7;72,2;87,3;78,6;51,8;71,7;55,6;49,9;73,9
207;REGION;Región del Maule;;162,5;154,1;144,0;136,7;131,0;98,4;109,8;100,7;93,8;112,5;106,9;113,8;122,4;135,7;144,2
208;PROVINCIA;Provincia de Talca;;271,2;251,6;210,2;163,4;140,0;105,2;115,9;112,6;102,8;132,6;138,4;153,8;157,6;166,0;179,8
209;COMUNA;Constitución;;119,9;115,7;97,0;90,7;12,3;34,9;34,8;51,1;44,8;46,8;54,7;42,4;80,5;56,1;55,8
210;COMUNA;Curepto;;9,3;28,4;19,1;0,0;19,6;9,9;0,0;0,0;0,0;0,0;20,6;51,9;20,9;10,5;0,0
211;COMUNA;Empedrado;;23,2;23,3;46,8;23,5;0,0;0,0;23,6;0,0;0,0;47,6;23,8;71,5;0,0;0,0;23,8
212;COMUNA;Maule;;34,5;35,7;36,6;33,8;75,3;46,7;59,8;76,4;52,6;60,9;57,5;60,5;57,5;76,6;95,7
213;COMUNA;Pelarco;;25,7;0,0;0,0;12,5;37,2;85,9;48,6;12,0;0,0;23,6;23,3;11,5;22,8;45,1;22,3
214;COMUNA;Pencahue;;72,0;0,0;12,0;12,0;23,9;23,9;23,8;47,6;11,9;11,9;0,0;23,6;35,3;23,4;46,7
215;COMUNA;Río Claro;;15,1;45,1;14,9;22,3;14,8;29,3;21,8;43,4;7,2;35,7;49,6;14,0;62,7;27,6;34,2
216;COMUNA;San Clemente;;70,2;54,7;39,5;31,8;38,8;16,8;28,5;28,3;44,4;43,9;34,3;27,2;40,3;42,0;78,7
217;COMUNA;San Rafael;;48,6;60,0;59,4;11,7;69,5;45,8;113,0;22,3;88,2;21,8;86,0;53,1;31,4;103,2;30,5
218;COMUNA;Talca;;428,2;399,6;335,7;259,0;224,3;164,0;178,8;170,0;156,4;209,1;217,6;251,4;248,9;265,2;282,9
219;PROVINCIA;Provincia de Cauquenes;;32,1;25,4;54,1;71,0;42,2;50,5;48,7;15,1;28,4;41,7;26,6;53,0;29,7;62,3;47,3
220;COMUNA;Cauquenes;;32,7;25,7;67,8;84,1;49,0;62,9;67,5;16,3;32,5;51,0;37,0;62,2;27,5;73,1;56,9
221;COMUNA;Chanco;;41,6;41,8;21,0;63,2;21,1;10,6;0,0;10,7;10,7;0,0;0,0;10,7;32,2;21,5;10,7
222;COMUNA;Pelluhue;;15,0;0,0;14,7;0,0;28,6;28,2;0,0;13,8;27,2;40,3;0,0;52,2;38,6;50,8;37,6
223;PROVINCIA;Provincia de Curicó;;87,5;113,8;107,3;119,4;142,5;98,6;134,2;134,8;124,6;117,6;107,4;110,8;138,6;150,9;162,2
224;COMUNA;Curicó;;113,0;177,6;139,3;163,5;195,5;139,5;203,7;211,8;204,8;181,2;162,1;146,7;206,6;224,8;246,9
225;COMUNA;Hualañé;;19,9;79,6;29,9;19,9;0,0;19,9;9,9;9,9;0,0;19,8;19,8;39,6;29,6;9,8;29,4
226;COMUNA;Licantén;;43,1;14,4;57,7;14,4;43,4;43,4;28,9;43,4;0,0;14,5;57,8;57,8;28,8;43,1;28,7
227;COMUNA;Molina;;94,9;86,7;164,3;127,0;183,5;117,0;151,8;69,4;66,3;93,8;77,5;95,6;52,4;80,6;91,6
228;COMUNA;Rauco;;32,3;63,9;42,1;20,8;82,2;20,3;30,1;29,7;9,8;19,3;57,2;75,2;74,2;54,8;45,1
229;COMUNA;Romeral;;44,6;29,4;43,7;86,4;35,6;56,3;13,9;41,2;40,8;73,8;33,1;58,9;83,9;76,3;56,4
230;COMUNA;Sagrada Familia;;104,4;43,9;27,3;76,3;70,6;21,6;16,2;37,6;32,1;0,0;10,6;57,9;73,3;83,2;25,8
231;COMUNA;Teno;;26,0;7,4;25,6;40,0;36,0;17,9;21,3;80,8;41,8;38,0;44,4;71,1;93,8;86,1;108,1
232;COMUNA;Vichuquén;;41,6;0,0;21,3;64,4;0,0;21,8;0,0;0,0;0,0;0,0;22,5;22,6;22,7;0,0;22,8
233;PROVINCIA;Provincia de Linares;;111,6;84,7;106,4;130,1;125,8;98,7;89,7;67,6;63,9;93,0;77,8;71,7;73,9;91,1;93,4
234;COMUNA;Colbún;;52,8;41,8;31,0;46,1;20,2;30,0;19,8;29,3;38,7;76,5;47,2;51,3;23,0;31,8;35,9
235;COMUNA;Linares;;212,5;120,1;194,9;259,7;271,7;198,8;179,8;139,9;132,4;174,3;136,2;119,5;134,6;157,5;130,9
236;COMUNA;Longaví;;51,0;40,6;70,7;46,8;49,8;13,2;29,5;13,0;29,1;28,9;25,5;37,9;40,7;37,2;21,5
237;COMUNA;Parral;;67,7;94,8;96,7;123,2;93,0;102,0;96,5;55,1;47,6;80,3;75,0;86,0;62,2;100,5;129,0
238;COMUNA;Retiro;;5,2;5,2;25,7;25,6;10,2;5,1;15,1;15,0;0,0;24,8;34,5;14,7;19,4;57,8;66,9
239;COMUNA;San Javier;;118,9;141,4;89,9;60,8;60,1;61,6;45,1;35,7;26,5;71,9;68,9;55,3;56,7;64,3;100,3
240;COMUNA;Villa Alegre;;45,2;25,7;6,4;44,4;75,5;43,7;37,2;30,7;30,5;30,2;24,0;23,8;47,1;46,6;63,4
241;COMUNA;Yerbas Buenas;;23,7;5,9;35,1;75,4;28,8;40,0;28,3;28,1;27,9;11,1;21,9;16,3;26,9;26,6;42,1
242;REGION;Región de Ñuble;;124,7;115,4;131,6;104,5;119,8;95,1;111,7;83,2;102,7;99,8;104,8;106,5;107,3;107,5;94,3
243;PROVINCIA;Provincia de Diguillín;;165,5;158,4;180,9;141,0;152,3;118,7;145,1;110,5;132,3;125,4;126,6;124,9;125,1;126,1;112,9
244;COMUNA;Bulnes;;79,3;37,2;60,4;87,9;101,5;32,2;137,3;109,4;63,6;54,4;40,6;63,0;17,9;44,6;66,6
245;COMUNA;Chillán;;241,4;250,8;265,6;197,7;218,2;164,5;193,5;147,0;179,6;181,3;174,4;167,2;179,1;176,4;152,4
246;COMUNA;Chillán Viejo;;129,2;59,0;95,9;74,8;73,1;82,1;69,8;58,1;110,5;98,6;103,2;82,3;71,5;100,8;93,1
247;COMUNA;El Carmen;;23,2;7,8;54,8;31,5;55,3;31,7;63,6;39,9;56,1;16,1;40,3;24,2;8,1;16,2;24,3
248;COMUNA;Pemuco;;0,0;22,6;0,0;34,1;22,8;91,5;103,2;137,9;92,2;69,3;115,6;185,1;220,0;243,1;81,0
249;COMUNA;Pinto;;47,6;28,3;65,6;55,8;73,7;27,4;54,4;36,0;17,8;17,7;17,6;26,1;17,3;0,0;0,0
250;COMUNA;Quillón;;49,4;30,6;96,8;65,9;53,3;93,8;98,6;51,7;85,4;39,5;89,4;99,6;32,9;43,4;80,6
251;COMUNA;San Ignacio;;48,4;24,3;6,1;18,2;18,2;24,3;30,3;30,3;18,2;6,1;12,1;0,0;18,1;0,0;6,0
252;COMUNA;Yungay;;46,0;28,7;97,2;102,5;68,1;56,5;61,8;33,6;55,7;38,8;44,2;71,4;71,1;32,6;59,5
253;PROVINCIA;Provincia de Itata;;58,6;14,3;39,3;39,3;44,7;23,2;30,4;19,6;25,0;19,6;32,1;35,6;64,0;33,7;30,1
254;COMUNA;Cobquecura;;107,3;0,0;36,3;36,6;18,4;18,5;0,0;0,0;18,7;0,0;0,0;0,0;56,7;37,8;0,0
255;COMUNA;Coelemu;;121,1;18,2;60,6;60,6;54,5;18,2;42,3;24,1;36,2;30,1;42,1;48,0;83,8;53,7;47,6
256;COMUNA;Ninhue;;0,0;0,0;0,0;35,5;17,9;0,0;18,0;18,1;0,0;18,3;36,6;0,0;0,0;0,0;36,9
257;COMUNA;Portezuelo;;0,0;0,0;0,0;0,0;19,4;0,0;39,2;0,0;0,0;0,0;20,0;40,1;20,1;0,0;0,0
258;COMUNA;Quirihue;;50,8;33,9;25,4;33,8;42,2;33,7;33,6;25,1;16,7;16,7;25,0;41,5;91,1;57,8;32,9
259;COMUNA;Ránquil;;16,9;0,0;50,4;67,0;116,8;66,4;49,6;49,4;82,1;49,1;65,2;48,7;64,7;16,1;32,1
260;COMUNA;Treguaco;;0,0;18,7;74,5;0,0;18,5;18,4;0,0;0,0;0,0;0,0;18,0;35,9;53,5;0,0;17,6
261;PROVINCIA;Provincia de Punilla;;41,5;44,2;36,3;31,4;63,3;62,9;55,1;35,3;54,5;64,3;76,7;87,2;75,8;88,7;70,3
262;COMUNA;Coihueco;;35,6;31,4;23,4;38,7;42,2;41,9;26,4;22,5;33,5;22,2;22,0;21,9;14,5;17,9;24,9
263;COMUNA;Ñiquén;;0,0;8,6;17,2;8,6;0,0;34,6;8,7;43,3;8,7;17,4;52,1;34,7;147,4;52,0;26,0
264;COMUNA;San Carlos;;49,7;57,2;45,6;35,9;96,0;90,0;80,2;50,1;88,7;108,5;117,1;149,2;106,7;147,5;110,8
265;COMUNA;San Fabián;;25,8;25,4;50,0;0,0;0,0;24,0;23,7;0,0;0,0;22,9;45,3;67,2;22,2;65,8;21,7
266;COMUNA;San Nicolás;;66,9;56,6;37,3;27,6;45,5;27,0;62,4;0,0;8,7;17,3;51,6;8,5;25,3;25,1;49,7
267;REGION;Región del Biobío;;247,9;231,2;322,1;307,5;292,5;218,3;272,5;233,3;245,4;305,8;269,6;280,5;259,3;251,4;226,0
268;PROVINCIA;Provincia de Concepción;;290,4;267,1;383,6;372,3;342,0;261,5;319,6;281,4;294,9;382,0;340,1;367,9;344,6;332,9;287,8
269;COMUNA;Chiguayante;;164,3;113,4;168,8;151,8;199,4;128,4;250,9;212,2;213,5;231,7;200,4;207,3;149,9;203,5;155,3
270;COMUNA;Concepción;;583,6;552,6;750,1;710,6;618,9;413,5;559,6;485,0;540,7;736,7;634,8;687,0;600,2;595,6;473,3
271;COMUNA;Coronel;;294,6;243,2;317,8;322,3;299,9;264,0;263,1;245,2;273,9;356,8;295,6;307,4;367,4;334,1;275,7
272;COMUNA;Florida;;61,1;61,0;69,6;26,0;104,0;60,5;51,7;34,4;25,7;34,2;76,9;76,7;25,5;67,9;42,3
273;COMUNA;Hualpén;;171,2;237,3;427,3;337,0;273,5;180,6;285,4;278,6;257,3;342,6;346,3;371,9;376,7;306,7;292,1
274;COMUNA;Hualqui;;200,9;105,2;76,2;52,8;138,4;144,7;159,2;103,3;146,9;125,1;91,8;138,3;78,3;81,5;123,1
275;COMUNA;Lota;;437,9;302,8;499,0;369,1;401,2;369,6;347,9;280,9;267,0;382,6;249,3;399,8;307,1;263,9;249,0
276;COMUNA;Penco;;142,4;127,6;171,2;245,9;324,2;285,8;284,8;244,8;242,1;263,8;228,3;241,8;255,2;242,3;217,3
277;COMUNA;San Pedro de la Paz;;187,0;238,3;307,9;389,3;294,8;327,6;325,1;272,7;241,0;268,3;275,6;260,0;243,9;259,8;223,1
278;COMUNA;Santa Juana;;29,3;36,4;36,1;28,7;21,4;35,5;56,4;56,1;62,8;55,5;158,9;68,8;137,0;61,4;74,7
279;COMUNA;Talcahuano;;202,2;164,0;274,1;278,8;250,7;181,3;215,6;211,7;224,1;297,1;304,2;317,6;341,7;315,6;306,6
280;COMUNA;Tomé;;52,6;36,1;88,2;121,8;162,2;102,9;95,3;66,7;85,7;146,4;64,2;148,6;96,4;97,8;135,0
281;PROVINCIA;Provincia de Arauco;;90,9;80,3;104,5;113,6;129,0;90,7;109,6;101,6;116,3;125,2;116,0;102,9;110,5;102,7;112,0
282;COMUNA;Arauco;;122,9;89,9;143,8;102,8;59,3;51,0;66,8;71,8;76,9;113,6;102,6;91,8;91,4;67,7;116,7
283;COMUNA;Cañete;;133,5;103,1;102,3;107,4;132,5;108,7;113,6;101,5;106,6;139,5;135,9;137,9;85,1;114,7;138,5
284;COMUNA;Contulmo;;32,8;98,2;49,0;48,9;0,0;64,8;16,2;0,0;16,1;64,2;64,0;63,8;0,0;15,9;79,2
285;COMUNA;Curanilahue;;81,3;72,2;147,4;141,3;252,3;126,0;143,7;182,3;223,9;190,9;154,8;148,6;222,5;174,8;133,0
286;COMUNA;Lebu;;76,2;87,5;75,9;178,1;132,3;113,1;161,7;105,0;138,6;97,2;100,7;55,8;74,3;55,6;48,1
287;COMUNA;Los Álamos;;30,1;19,9;39,3;58,5;120,7;86,1;109,0;89,3;74,7;97,3;64,4;82,1;77,0;117,0;76,0
288;COMUNA;Tirúa;;58,3;87,0;67,3;67,0;57,1;28,4;65,9;28,1;37,4;74,4;148,1;64,5;137,8;100,6;191,3
289;PROVINCIA;Provincia de Biobío;;208,3;205,5;260,7;227,1;237,7;163,9;223,4;168,3;175,8;190,5;156,8;135,2;107,2;108,7;118,3
290;COMUNA;Alto Biobío;;15,4;0,0;0,0;0,0;15,2;0,0;15,1;15,1;75,2;15,0;15,0;14,9;0,0;14,8;14,8
291;COMUNA;Antuco;;73,3;24,4;48,5;48,4;24,1;48,0;23,9;23,8;23,7;71,0;23,6;70,5;0,0;0,0;0,0
292;COMUNA;Cabrero;;83,9;14,4;28,6;77,8;108,6;93,8;106,7;116,1;101,8;97,7;56,9;66,5;62,9;105,3;62,2
293;COMUNA;Laja;;34,3;21,4;81,4;111,2;98,3;68,3;97,9;72,2;42,4;42,4;25,4;59,1;59,0;37,9;92,3
294;COMUNA;Los Ángeles;;368,6;375,3;470,2;370,3;389,9;262,1;358,7;254,6;277,8;308,7;258,1;213,4;162,5;153,6;173,5
295;COMUNA;Mulchén;;62,8;72,7;92,5;135,3;135,1;78,9;160,7;196,4;153,6;104,4;65,1;58,5;110,3;71,2;100,1
296;COMUNA;Nacimiento;;99,5;114,1;106,6;117,5;117,3;65,8;98,5;50,9;36,3;58,0;79,6;54,2;39,6;82,7;75,3
297;COMUNA;Negrete;;53,7;10,6;63,2;62,6;10,3;30,8;30,5;10,1;60,0;19,9;59,3;39,2;48,8;87,3;67,5
298;COMUNA;Quilaco;;24,2;0,0;0,0;24,2;24,2;24,2;0,0;48,3;0,0;24,1;0,0;0,0;0,0;0,0;23,9
299;COMUNA;Quilleco;;28,7;9,6;9,7;48,8;19,6;19,7;19,7;9,9;39,6;9,9;9,9;49,8;19,9;10,0;39,9
300;COMUNA;San Rosendo;;0,0;0,0;25,7;51,9;78,6;52,8;53,1;53,4;0,0;54,1;27,2;54,6;0,0;27,5;0,0
301;COMUNA;Santa Bárbara;;43,4;86,5;93,4;71,5;106,8;141,7;134,1;126,5;98,1;118,8;48,7;27,7;27,7;27,6;13,7
302;COMUNA;Tucapel;;29,2;0,0;7,2;35,6;91,8;70,1;55,6;48,3;54,9;75,0;40,6;47,1;33,5;59,9;33,1
303;COMUNA;Yumbel;;60,7;42,0;37,3;97,7;46,4;32,4;41,5;18,4;41,4;64,2;77,7;73,0;27,3;63,6;40,8
304;REGION;Región de La Araucanía;;93,5;105,9;123,1;112,6;120,4;117,1;126,5;110,5;123,6;138,0;137,6;135,9;123,5;124,6;109,8
305;PROVINCIA;Provincia de Cautín;;99,3;114,2;133,7;121,5;129,9;131,4;140,3;120,0;138,2;149,8;150,4;144,5;133,2;134,6;116,1
306;COMUNA;Carahue;;50,3;77,8;43,0;47,1;39,3;90,6;67,0;39,5;51,3;43,5;47,4;35,5;35,5;27,6;51,1
307;COMUNA;Cholchol;;18,8;37,3;18,4;9,1;99,1;17,8;35,2;43,6;0,0;17,1;8,5;16,8;66,5;24,7;49,0
308;COMUNA;Cunco;;0,0;5,4;38,1;10,9;11,0;22,1;27,7;55,4;61,1;66,7;44,5;33,4;27,8;38,9;16,6
309;COMUNA;Curarrehue;;13,9;0,0;54,9;0,0;0,0;27,0;13,4;53,3;13,3;39,6;13,1;0,0;26,0;25,9;0,0
310;COMUNA;Freire;;40,3;64,5;60,4;40,2;68,3;44,1;68,0;75,8;35,9;107,5;59,6;75,3;63,3;35,5;59,1
311;COMUNA;Galvarino;;7,8;31,2;46,9;31,4;62,8;7,9;39,4;7,9;15,8;15,8;55,4;31,7;7,9;31,7;39,6
312;COMUNA;Gorbea;;90,2;38,9;65,1;71,8;45,8;65,6;39,4;52,6;59,3;72,6;85,8;92,4;66,1;46,2;72,6
313;COMUNA;Lautaro;;120,7;36,9;59,0;69,4;85,1;100,4;72,4;42,5;60,4;41,6;64,4;30,6;55,5;70,0;74,3
314;COMUNA;Loncoche;;70,4;53,9;20,7;20,7;49,6;41,2;61,7;53,4;86,1;69,6;110,3;110,1;109,9;125,9;97,2
315;COMUNA;Melipeuco;;0,0;0,0;0,0;16,8;16,8;16,7;16,6;16,5;0,0;65,5;97,9;48,7;16,2;0,0;0,0
316;COMUNA;Nueva Imperial;;105,7;95,7;38,1;50,5;47,1;65,5;90,0;43,2;79,8;73,3;54,7;66,5;66,1;95,7;71,4
317;COMUNA;Padre Las Casas;;82,4;79,5;97,3;82,6;118,3;100,9;109,0;77,4;93,7;135,9;149,5;115,4;81,0;79,9;103,6
318;COMUNA;Perquenco;;14,7;29,3;29,2;0,0;72,4;14,4;43,0;28,6;56,9;56,7;42,3;0,0;28,0;13,9;83,4
319;COMUNA;Pitrufquén;;77,2;89,4;63,4;29,3;58,2;61,8;49,1;56,8;56,4;84,0;47,6;82,8;109,6;73,8;69,5
320;COMUNA;Pucón;;80,6;87,2;89,5;79,8;35,2;80,7;90,7;85,5;69,6;75,8;64,1;80,9;69,5;58,3;61,1
321;COMUNA;Saavedra;;0,0;21,9;14,7;14,9;45,0;30,2;22,8;53,4;46,0;46,2;38,6;46,5;15,5;7,8;23,4
322;COMUNA;Temuco;;159,9;201,7;246,4;229,0;238,6;245,7;257,2;220,3;262,8;272,8;278,7;273,0;250,5;260,5;202,3
323;COMUNA;Teodoro Schmidt;;12,7;12,7;0,0;19,1;19,1;25,5;31,8;6,4;12,7;38,2;44,5;50,9;6,4;44,4;19,0
324;COMUNA;Toltén;;27,2;0,0;37,1;18,8;9,5;9,5;38,4;9,7;0,0;9,8;29,4;0,0;29,6;0,0;9,9
325;COMUNA;Vilcún;;12,3;24,3;24,0;19,7;54,2;26,7;60,1;73,9;61,9;75,3;31,8;38,2;61,5;37,0;26,4
326;COMUNA;Villarrica;;98,4;124,8;173,9;146,6;87,5;77,0;94,6;95,3;88,9;80,8;74,6;75,6;67,9;56,9;70,0
327;PROVINCIA;Provincia de Malleco;;73,9;77,3;86,3;81,4;87,0;66,8;77,6;76,4;71,1;95,5;91,0;104,4;88,1;87,9;86,7
328;COMUNA;Angol;;120,7;168,6;154,1;109,1;98,9;88,8;118,3;108,2;129,9;119,9;135,7;144,1;119,7;144,3;113,0
329;COMUNA;Collipulli;;71,5;62,7;91,4;152,7;147,5;109,9;113,2;88,3;59,9;99,2;106,4;141,0;175,2;123,8;123,1
330;COMUNA;Curacautín;;5,7;5,7;17,0;22,6;33,8;0,0;22,4;16,8;16,8;16,7;27,8;22,2;44,3;33,2;27,6
331;COMUNA;Ercilla;;0,0;66,8;11,2;79,3;57,1;0,0;92,3;139,1;58,2;81,8;128,9;340,8;259,0;271,2;224,4
332;COMUNA;Lonquimay;;0,0;0,0;18,9;9,4;9,4;28,1;0,0;18,6;0,0;9,2;0,0;36,7;9,1;0,0;9,1
333;COMUNA;Los Sauces;;12,8;25,7;51,8;26,0;78,4;39,3;92,0;39,5;13,2;119,2;53,1;132,8;79,7;13,3;93,1
334;COMUNA;Lumaco;;62,9;9,1;0,0;28,0;18,8;19,0;19,1;0,0;9,7;9,7;19,6;29,5;29,6;9,9;9,9
335;COMUNA;Purén;;30,8;62,3;31,4;7,9;23,9;56,0;48,2;24,2;64,8;97,5;32,6;32,7;32,7;65,5;49,2
336;COMUNA;Renaico;;61,1;50,6;0,0;20,0;29,7;78,7;97,7;58,2;67,5;201,2;133,3;113,5;28,2;102,9;111,5
337;COMUNA;Traiguén;;66,4;30,8;46,3;46,4;87,9;67,3;67,4;72,6;67,5;83,1;83,1;109,0;72,6;36,3;51,8
338;COMUNA;Victoria;;123,8;86,5;158,6;135,5;146,8;86,2;63,1;108,8;77,2;120,0;102,6;56,9;45,4;53,8;84,8
339;REGION;Región de Los Ríos;;121,2;134,4;178,2;135,2;109,5;96,0;119,6;104,6;79,1;86,8;85,3;89,6;96,4;85,8;86,8
340;PROVINCIA;Provincia de Valdivia;;140,3;151,7;207,4;150,2;120,7;111,9;132,6;120,8;88,7;101,9;100,2;105,8;113,6;103,2;105,1
341;COMUNA;Corral;;36,6;36,7;0,0;0,0;18,4;18,4;36,8;18,4;36,8;18,4;18,4;0,0;18,4;0,0;18,4
342;COMUNA;Lanco;;38,1;50,4;62,5;55,8;67,7;79,3;60,5;36,0;11,9;59,2;23,5;40,8;23,2;51,7;74,2
343;COMUNA;Los Lagos;;82,8;107,5;34,3;132,5;34,4;49,1;78,6;44,2;34,3;49,1;24,5;53,9;44,1;53,8;73,2
344;COMUNA;Máfil;;81,7;81,9;95,7;68,4;54,7;41,0;54,6;0,0;0,0;27,2;68,1;68,0;54,3;13,6;27,1
345;COMUNA;Mariquina;;36,0;50,8;40,1;24,7;68,3;77,0;52,3;51,6;60,3;50,4;49,9;94,2;71,0;39,5;91,2
346;COMUNA;Paillaco;;75,4;100,4;80,2;90,1;84,9;49,7;84,3;49,4;29,5;44,2;34,3;19,5;38,9;24,2;38,6
347;COMUNA;Panguipulli;;75,4;49,2;86,8;98,2;60,5;57,4;68,7;45,6;37,0;39,7;17,0;11,3;39,3;47,6;47,4
348;COMUNA;Valdivia;;202,1;218,4;322,9;206,8;168,4;154,0;183,8;181,8;130,9;145,7;153,2;155,2;166,5;150,5;139,3
349;PROVINCIA;Provincia de Ranco;;68,0;85,6;95,1;92,2;77,0;49,3;81,1;56,5;50,3;41,1;40,1;40,0;43,1;31,7;29,6
350;COMUNA;Futrono;;65,0;84,8;91,5;58,9;13,1;6,6;45,9;26,2;19,7;13,1;19,7;13,1;45,9;26,2;39,3
351;COMUNA;La Unión;;113,8;139,6;124,8;145,6;86,9;48,6;66,5;38,3;30,7;40,9;51,1;38,2;45,8;40,7;33,0
352;COMUNA;Lago Ranco;;0,0;0,0;0,0;9,8;29,4;29,3;19,6;9,8;19,5;9,8;9,8;9,8;9,7;9,7;9,7
353;COMUNA;Río Bueno;;36,0;48,2;90,8;69,9;109,6;76,2;134,3;106,8;97,8;64,2;45,8;64,1;48,8;30,5;27,4
354;REGION;Región de Los Lagos;;140,5;140,4;153,6;164,4;178,9;151,2;156,7;126,2;112,0;118,0;114,3;104,7;100,3;103,4;105,0
355;PROVINCIA;Provincia de Llanquihue;;167,9;193,5;229,5;238,9;263,0;197,9;198,7;156,2;142,7;156,6;154,3;135,3;128,2;139,9;128,7
356;COMUNA;Calbuco;;75,5;62,9;80,2;111,9;110,9;69,5;71,9;34,3;22,7;19,8;28,2;28,0;33,5;63,7;65,9
357;COMUNA;Cochamó;;0,0;0,0;0,0;0,0;46,9;23,6;0,0;23,9;0,0;0,0;0,0;24,6;0,0;0,0;0,0
358;COMUNA;Fresia;;54,0;147,1;100,9;116,7;38,9;70,2;39,0;39,1;23,5;31,4;15,7;0,0;23,7;23,7;47,4
359;COMUNA;Frutillar;;35,7;64,4;51,8;39,7;83,7;38,5;48,8;37,5;58,3;125,8;41,5;46,2;30,5;60,5;44,9
360;COMUNA;Llanquihue;;68,9;68,5;124,9;101,6;112,2;55,8;44,4;49,8;49,6;55,0;115,2;142,2;87,3;43,4;75,6
361;COMUNA;Los Muermos;;40,1;22,9;85,9;91,4;108,2;113,7;124,8;22,7;11,3;11,3;28,3;39,5;11,3;11,3;11,2
362;COMUNA;Maullín;;37,9;31,8;38,4;45,0;51,6;51,8;19,5;6,5;0,0;6,6;13,3;46,6;33,4;20,1;20,1
363;COMUNA;Puerto Montt;;244,6;279,0;310,9;331,7;370,0;282,4;289,9;233,6;214,3;228,3;221,5;186,3;182,5;193,7;176,8
364;COMUNA;Puerto Varas;;118,5;145,3;255,3;198,0;193,5;120,5;96,3;80,2;69,5;81,9;93,9;83,5;71,3;99,9;75,2
365;PROVINCIA;Provincia de Chiloé;;89,7;80,5;82,9;95,3;107,4;120,0;102,9;87,9;72,6;73,9;65,7;64,8;46,5;45,2;53,2
366;COMUNA;Ancud;;96,6;84,4;55,4;91,3;93,5;71,7;76,3;85,7;88,0;57,0;59,3;52,2;47,4;33,1;37,8
367;COMUNA;Castro;;137,3;140,6;188,1;167,9;202,6;216,5;190,1;113,1;108,0;98,6;111,1;110,5;81,9;68,4;93,2
368;COMUNA;Chonchi;;22,1;43,7;35,9;85,1;55,9;62,1;40,8;74,0;33,2;52,6;26,0;45,1;6,4;44,3;56,6
369;COMUNA;Curaco de Vélez;;55,3;54,8;0,0;0,0;0,0;0,0;0,0;0,0;0,0;25,6;0,0;50,5;25,1;0,0;0,0
370;COMUNA;Dalcahue;;95,8;15,6;84,2;75,2;22,2;80,3;36,0;21,4;70,6;62,9;48,5;41,2;34,0;47,2;26,8
371;COMUNA;Puqueldón;;0,0;23,6;0,0;0,0;0,0;0,0;0,0;0,0;23,7;0,0;23,8;23,8;0,0;23,8;0,0
372;COMUNA;Queilén;;18,6;0,0;0,0;0,0;18,4;0,0;18,3;0,0;0,0;18,2;0,0;0,0;0,0;0,0;36,1
373;COMUNA;Quellón;;123,3;88,8;67,5;105,4;153,7;219,7;179,4;188,2;87,6;144,5;100,2;88,6;59,7;62,6;68,9
374;COMUNA;Quemchi;;0,0;34,0;0,0;0,0;22,7;22,7;0,0;0,0;0,0;0,0;0,0;0,0;0,0;11,4;0,0
375;COMUNA;Quinchao;;22,3;33,8;22,7;11,4;11,5;0,0;11,6;11,7;11,7;23,6;0,0;11,9;11,9;12,0;12,0
376;PROVINCIA;Provincia de Osorno;;145,1;111,1;97,0;107,1;106,5;108,5;137,5;112,9;96,8;92,8;89,6;88,9;98,4;89,5;108,5
377;COMUNA;Osorno;;185,0;140,1;105,5;120,8;133,3;133,4;169,5;140,4;120,3;118,4;108,2;112,9;127,0;109,8;133,5
378;COMUNA;Puerto Octay;;49,1;0,0;10,0;0,0;0,0;30,8;10,3;31,2;0,0;10,6;0,0;10,7;21,6;0,0;0,0
379;COMUNA;Purranque;;93,5;117,1;169,0;173,9;98,7;94,1;127,1;61,2;84,9;61,4;66,2;66,3;66,4;80,6;94,9
380;COMUNA;Puyehue;;17,5;34,9;17,4;43,5;26,0;69,1;60,3;60,1;51,5;34,3;68,5;17,1;8,5;59,7;42,5
381;COMUNA;Río Negro;;113,1;60,2;100,9;87,7;67,7;61,1;74,9;82,0;41,2;27,6;55,3;41,6;48,7;20,9;35,0
382;COMUNA;San Juan de la Costa;;34,2;11,6;35,1;35,5;35,8;24,1;12,2;24,6;12,4;37,6;37,9;25,5;0,0;12,9;39,0
383;COMUNA;San Pablo;;28,6;9,5;38,1;19,1;9,5;0,0;47,5;28,5;28,5;19,0;28,5;9,5;9,5;37,9;47,4
384;PROVINCIA;Provincia de Palena;;10,8;10,9;5,4;21,8;32,6;10,8;10,8;10,8;10,7;10,7;5,3;0,0;0,0;0,0;5,2
385;COMUNA;Chaitén;;34,4;17,9;0,0;0,0;19,2;19,5;19,7;0,0;0,0;0,0;0,0;0,0;0,0;0,0;0,0
386;COMUNA;Futaleufú;;0,0;0,0;0,0;0,0;41,7;0,0;0,0;0,0;0,0;0,0;0,0;0,0;0,0;0,0;36,1
387;COMUNA;Hualaihué;;0,0;11,3;11,2;44,6;44,3;11,0;10,9;21,7;21,6;21,5;10,7;0,0;0,0;0,0;0,0
388;COMUNA;Palena;;0,0;0,0;0,0;0,0;0,0;0,0;0,0;0,0;0,0;0,0;0,0;0,0;0,0;0,0;0,0
389;REGION;Región Aisén del Gral. Carlos Ibáñez del Campo;;64,9;62,2;104,9;103,8;96,7;79,8;92,8;102,9;82,7;83,1;60,5;44,9;38,9;48,1;49,7
390;PROVINCIA;Provincia de Coyhaique;;71,6;72,6;141,8;142,0;126,2;97,2;128,7;154,8;128,3;125,7;79,9;61,2;46,0;66,9;69,6
391;COMUNA;Coyhaique;;72,9;73,9;144,3;144,4;128,3;98,7;130,8;157,3;130,3;127,6;81,1;62,1;46,7;67,9;70,7
392;COMUNA;Lago Verde;;0,0;0,0;0,0;0,0;0,0;0,0;0,0;0,0;0,0;0,0;0,0;0,0;0,0;0,0;0,0
393;PROVINCIA;Provincia de Aysén;;77,4;60,3;73,3;62,9;59,1;74,9;51,7;41,7;25,5;35,0;47,4;31,5;40,7;31,1;27,9
394;COMUNA;Aysén;;87,6;78,5;91,0;73,1;68,2;88,8;62,9;50,0;33,2;45,4;61,5;36,7;52,8;32,3;32,2
395;COMUNA;Cisnes;;55,3;0,0;18,4;36,5;18,1;36,1;17,9;17,8;0,0;0,0;0,0;0,0;0,0;0,0;17,2
396;COMUNA;Guaitecas;;0,0;0,0;0,0;0,0;66,5;0,0;0,0;0,0;0,0;0,0;0,0;63,8;0,0;126,3;0,0
397;PROVINCIA;Provincia de Capitán Prat;;0,0;0,0;0,0;0,0;0,0;0,0;22,0;0,0;0,0;0,0;0,0;0,0;0,0;0,0;0,0
398;COMUNA;Cochrane;;0,0;0,0;0,0;0,0;0,0;0,0;29,2;0,0;0,0;0,0;0,0;0,0;0,0;0,0;0,0
399;COMUNA;O'Higgins;;0,0;0,0;0,0;0,0;0,0;0,0;0,0;0,0;0,0;0,0;0,0;0,0;0,0;0,0;0,0
400;COMUNA;Tortel;;0,0;0,0;0,0;0,0;0,0;0,0;0,0;0,0;0,0;0,0;0,0;0,0;0,0;0,0;0,0
401;PROVINCIA;Provincia de General Carrera;;0,0;27,7;13,8;41,0;81,3;13,5;26,7;13,3;13,2;0,0;0,0;0,0;0,0;0,0;12,8
402;COMUNA;Chile Chico;;0,0;21,4;21,2;63,2;125,2;0,0;41,0;0,0;20,3;0,0;0,0;0,0;0,0;0,0;19,6
403;COMUNA;Río Ibáñez;;0,0;39,1;0,0;0,0;0,0;38,5;0,0;38,1;0,0;0,0;0,0;0,0;0,0;0,0;0,0
404;REGION;Región de Magallanes y de la Antártica Chilena;;102,6;117,9;116,5;103,5;122,7;93,8;79,4;66,5;46,6;54,1;39,3;52,5;44,4;33,4;39,8
405;PROVINCIA;Provincia de Magallanes;;116,3;130,7;135,4;116,4;137,3;104,7;91,6;78,0;54,9;55,2;43,7;58,7;45,8;32,3;42,5
406;COMUNA;Laguna Blanca;;0,0;0,0;0,0;0,0;0,0;0,0;0,0;0,0;0,0;0,0;0,0;0,0;0,0;0,0;0,0
407;COMUNA;Punta Arenas;;118,0;131,6;137,1;117,8;138,0;105,8;92,6;78,0;55,4;55,7;44,1;59,2;46,2;32,6;42,8
408;COMUNA;Río Verde;;0,0;0,0;0,0;0,0;0,0;0,0;0,0;0,0;0,0;0,0;0,0;0,0;0,0;0,0;0,0
409;COMUNA;San Gregorio;;0,0;104,3;0,0;0,0;118,2;0,0;0,0;129,4;0,0;0,0;0,0;0,0;0,0;0,0;0,0
410;PROVINCIA;Provincia de Antártica Chilena;;0,0;0,0;0,0;0,0;0,0;0,0;47,6;0,0;0,0;0,0;0,0;0,0;0,0;0,0;0,0
411;COMUNA;Antártica;;0,0;0,0;0,0;0,0;0,0;0,0;0,0;0,0;0,0;0,0;0,0;0,0;0,0;0,0;0,0
412;COMUNA;Cabo de Hornos;;0,0;0,0;0,0;0,0;0,0;0,0;49,8;0,0;0,0;0,0;0,0;0,0;0,0;0,0;0,0
413;PROVINCIA;Provincia de Tierra del Fuego;;58,7;29,0;43,1;56,7;42,0;27,6;13,6;13,5;13,3;26,3;0,0;25,6;25,3;37,3;49,0
414;COMUNA;Porvenir;;18,2;35,5;52,1;68,0;33,3;32,6;16,0;15,7;15,4;30,4;0,0;29,4;28,9;28,4;55,6
415;COMUNA;Primavera;;315,1;0,0;0,0;0,0;0,0;0,0;0,0;0,0;0,0;0,0;0,0;0,0;0,0;143,1;0,0
416;COMUNA;Timaukel;;0,0;0,0;0,0;0,0;311,5;0,0;0,0;0,0;0,0;0,0;0,0;0,0;0,0;0,0;0,0
417;PROVINCIA;Provincia de Última Esperanza;;43,8;81,9;38,1;51,8;74,5;59,8;31,8;22,4;13,3;61,5;30,4;30,0;46,5;41,6;24,6
418;COMUNA;Natales;;45,2;79,6;39,4;53,6;77,2;62,0;33,0;23,3;13,8;59,4;31,6;31,3;48,5;43,4;21,4
419;COMUNA;Torres del Paine;;0,0;151,5;0,0;0,0;0,0;0,0;0,0;0,0;0,0;113,9;0,0;0,0;0,0;0,0;100,2
420;-;Sin información;;-;-;-;-;-;-;-;-;-;-;-;-;-;-;-
421;-;No Especifica;;-;-;-;-;-;-;-;-;-;-;-;-;-;-;-
;;;;;;;;;;;;;;;;;;
;;;;;;;;;;;;;;;;;;
;;;;;;;;;;;;;;;;;;
;;;;;;;;;;;;;;;;;;
;;;;;;;;;;;;;;;;;;
;;;;;;;;;;;;;;;;;;
;;;;;;;;;;;;;;;;;;
;;;;;;;;;;;;;;;;;;
;;;;;;;;;;;;;;;;;;
;;;;;;;;;;;;;;;;;;
;;;;;;;;;;;;;;;;;;
